state,year,total_energy_expend_per_capita,elec_resid_expend_per_capita,elec_resid_expend_billion,total_energy_expend_billion
AK,1960,,151,517,9100
AK,1961,,173,590,9705
AK,1962,,197,672,10472
AK,1963,,227,774,11256
AK,1964,,253,864,13004
AK,1965,,292,996,13857
AK,1966,,328,1120,15563
AK,1967,,348,1187,16413
AK,1968,,393,1341,18203
AK,1969,,445,1519,20544
AK,1970,,527,1798,23650
AK,1971,,631,2155,28350
AK,1972,,628,2143,28337
AK,1973,,686,2342,27583
AK,1974,,754,2574,28066
AK,1975,,898,3063,35048
AK,1976,,983,3355,39065
AK,1977,,1071,3655,41906
AK,1978,,1110,3787,45606
AK,1979,,1067,3641,37079
AK,1980,,1092,3726,32997
AK,1981,,1228,4190,33080
AK,1982,,1408,4805,38541
AK,1983,,1453,4959,38625
AK,1984,,1597,5450,43428
AK,1985,,1674,5711,44637
AK,1986,,1625,5544,41487
AK,1987,,1548,5283,39655
AK,1988,,1590,5426,39282
AK,1989,,1643,5607,43778
AK,1990,,1661,5668,44750
AK,1991,,1603,5469,43253
AK,1992,,1640,5596,44507
AK,1993,,1629,5558,44596
AK,1994,,1688,5760,45778
AK,1995,,1713,5844,46821
AK,1996,,1766,6026,47634
AK,1997,,1726,5889,46179
AK,1998,,1768,6032,44942
AK,1999,,1866,6366,50265
AK,2000,,1855,6329,48404
AK,2001,,1891,6454,50813
AK,2002,,1932,6593,48588
AK,2003,,1987,6780,49016
AK,2004,,2062,7035,52350
AK,2005,,2062,7034,50160
AK,2006,,2120,7234,56824
AK,2007,,2114,7215,50947
AK,2008,,2130,7267,51126
AK,2009,,2117,7225,50683
AK,2010,,2093,7142,49180
AK,2011,,2134,7283,51050
AK,2012,,2160,7371,51283
AK,2013,,2104,7179,45571
AK,2014,,2044,6973,44417
AK,2015,,2044,6975,49764
AK,2016,,2006,6846,47703
AK,2017,,2060,7030,50014
AK,2018,,1975,6738,46335
AK,2019,,1928,6579,45576
AK,2020,,2089,7128,46844
AK,2021,,2084,7110,48550
AK,2022,,2050,6996,46863
AK,2023,,2051,6997,48754
AK,2024,,2071,7065,
AL,1960,,4129,14089,118461
AL,1961,,4291,14640,114700
AL,1962,,4911,16757,124708
AL,1963,,5240,17880,133603
AL,1964,,5739,19582,140027
AL,1965,,6150,20984,138486
AL,1966,,6631,22626,145090
AL,1967,,7117,24282,145218
AL,1968,,9115,31099,175828
AL,1969,,10257,34996,192446
AL,1970,,11527,39331,207031
AL,1971,,12237,41754,212394
AL,1972,,13348,45542,223573
AL,1973,,14704,50171,238217
AL,1974,,14687,50113,234102
AL,1975,,13409,45752,217713
AL,1976,,14087,48066,234171
AL,1977,,15247,52022,252295
AL,1978,,15739,53701,253893
AL,1979,,15029,51279,234981
AL,1980,,16469,56192,256959
AL,1981,,15912,54291,248379
AL,1982,,15782,53847,250871
AL,1983,,15814,53958,246997
AL,1984,,17012,58046,261507
AL,1985,,17182,58626,260258
AL,1986,,18259,62299,267557
AL,1987,,19294,65833,280000
AL,1988,,19641,67015,287320
AL,1989,,19842,67702,292868
AL,1990,,20719,70692,280898
AL,1991,,21293,72653,284056
AL,1992,,21137,72118,287511
AL,1993,,22628,77206,304057
AL,1994,,23159,79017,300704
AL,1995,,24314,82959,316428
AL,1996,,25634,87463,336218
AL,1997,,24893,84935,315633
AL,1998,,27327,93240,338840
AL,1999,,27048,92287,343031
AL,2000,,28756,98116,370236
AL,2001,,27802,94861,346578
AL,2002,,30022,102434,365195
AL,2003,,29416,100369,348234
AL,2004,,30109,102732,356075
AL,2005,,31315,106847,367927
AL,2006,,32277,110129,374411
AL,2007,,32783,111857,387829
AL,2008,,32185,109814,378548
AL,2009,,31489,107442,353856
AL,2010,,35529,121226,405336
AL,2011,,33003,112606,364870
AL,2012,,30632,104517,328461
AL,2013,,31379,107064,340506
AL,2014,,32930,112356,365119
AL,2015,,31909,108872,336211
AL,2016,,32056,109374,331716
AL,2017,,30181,102978,310724
AL,2018,,33080,112870,342255
AL,2019,,32416,110602,332232
AL,2020,,31331,106902,315576
AL,2021,,31585,107769,325822
AL,2022,,32924,112335,336143
AL,2023,,31410,107170,319970
AL,2024,,32899,112252,
AR,1960,,1339,4570,78501
AR,1961,,1375,4693,78524
AR,1962,,1621,5532,80049
AR,1963,,1828,6236,83198
AR,1964,,2092,7137,90835
AR,1965,,2333,7961,86678
AR,1966,,2571,8774,107462
AR,1967,,2773,9460,109719
AR,1968,,3251,11093,120283
AR,1969,,3793,12941,131241
AR,1970,,4321,14745,138659
AR,1971,,4737,16164,132279
AR,1972,,5483,18709,140638
AR,1973,,6142,20955,146330
AR,1974,,6082,20753,138667
AR,1975,,7751,26447,158002
AR,1976,,7746,26429,161963
AR,1977,,8816,30081,177276
AR,1978,,9322,31807,173246
AR,1979,,8862,30237,167466
AR,1980,,10227,34895,166527
AR,1981,,8426,28751,140187
AR,1982,,8617,29401,145025
AR,1983,,8798,30017,149045
AR,1984,,8764,29901,146854
AR,1985,,8936,30489,145003
AR,1986,,9254,31574,145270
AR,1987,,9708,33122,151220
AR,1988,,9946,33935,157612
AR,1989,,9957,33974,160968
AR,1990,,10558,36023,160727
AR,1991,,11001,37534,165453
AR,1992,,10440,35622,157566
AR,1993,,11762,40131,178823
AR,1994,,11642,39723,176159
AR,1995,,12417,42367,187184
AR,1996,,12934,44131,195218
AR,1997,,12990,44321,188701
AR,1998,,14339,48926,199988
AR,1999,,14045,47923,202026
AR,2000,,14871,50739,218879
AR,2001,,15104,51535,214597
AR,2002,,15527,52979,216149
AR,2003,,15598,53221,211117
AR,2004,,15619,53293,206123
AR,2005,,17134,58460,224943
AR,2006,,17065,58226,220872
AR,2007,,17415,59418,225012
AR,2008,,17392,59343,226002
AR,2009,,16986,57955,218162
AR,2010,,19231,65616,245831
AR,2011,,18787,64102,241166
AR,2012,,17909,61107,217994
AR,2013,,18219,62164,235604
AR,2014,,18441,62921,241530
AR,2015,,18273,62349,221167
AR,2016,,17784,60680,207237
AR,2017,,17027,58095,196907
AR,2018,,19259,65712,229627
AR,2019,,18732,63915,219617
AR,2020,,17980,61348,207867
AR,2021,,18918,64548,218636
AR,2022,,19251,65683,221256
AR,2023,,18374,62692,209351
AR,2024,,18581,63397,
AZ,1960,,1355,4622,46713
AZ,1961,,1752,5977,48522
AZ,1962,,1715,5851,45639
AZ,1963,,1912,6523,49964
AZ,1964,,2118,7228,57498
AZ,1965,,2230,7610,55139
AZ,1966,,2707,9235,59505
AZ,1967,,2920,9962,62426
AZ,1968,,3243,11064,67891
AZ,1969,,3914,13353,76806
AZ,1970,,4327,14765,83280
AZ,1971,,4931,16825,92368
AZ,1972,,5818,19851,103576
AZ,1973,,6717,22918,115008
AZ,1974,,7095,24209,115556
AZ,1975,,7138,24353,120850
AZ,1976,,7299,24903,126276
AZ,1977,,7855,26800,133334
AZ,1978,,8392,28634,130614
AZ,1979,,9304,31745,138686
AZ,1980,,9637,32881,144705
AZ,1981,,9530,32516,142044
AZ,1982,,9503,32426,145068
AZ,1983,,10427,35576,154427
AZ,1984,,11110,37908,158864
AZ,1985,,12249,41794,174855
AZ,1986,,12540,42785,170576
AZ,1987,,13821,47156,181883
AZ,1988,,14731,50262,192283
AZ,1989,,15248,52024,203050
AZ,1990,,15378,52469,205432
AZ,1991,,15641,53369,209354
AZ,1992,,16230,55378,214959
AZ,1993,,16705,56998,217737
AZ,1994,,18212,62141,233488
AZ,1995,,18036,61537,230999
AZ,1996,,19746,67375,251233
AZ,1997,,20683,70569,257274
AZ,1998,,21611,73736,273432
AZ,1999,,22517,76829,284749
AZ,2000,,24844,84768,314800
AZ,2001,,26200,89395,323477
AZ,2002,,26413,90120,318457
AZ,2003,,27742,94654,330484
AZ,2004,,28921,98677,342228
AZ,2005,,30544,104215,353479
AZ,2006,,32367,110438,368093
AZ,2007,,34437,117498,380183
AZ,2008,,33236,113402,371463
AZ,2009,,32847,112073,360924
AZ,2010,,32448,110713,362975
AZ,2011,,33079,112866,371241
AZ,2012,,32923,112333,361705
AZ,2013,,33104,112949,371251
AZ,2014,,32346,110365,356824
AZ,2015,,33167,113167,362293
AZ,2016,,33691,114953,364794
AZ,2017,,34251,116865,369932
AZ,2018,,34660,118261,375585
AZ,2019,,34720,118465,382032
AZ,2020,,38707,132070,404851
AZ,2021,,37130,126689,384812
AZ,2022,,38368,130910,405034
AZ,2023,,38992,133042,408879
AZ,2024,,40435,137964,
CA,1960,,14975,51094,572642
CA,1961,,16249,55441,594354
CA,1962,,17841,60872,650206
CA,1963,,19493,66509,684164
CA,1964,,21735,74160,762113
CA,1965,,23800,81204,807347
CA,1966,,25988,88670,836104
CA,1967,,28695,97907,891812
CA,1968,,30591,104375,908642
CA,1969,,33766,115209,990939
CA,1970,,35777,122071,1001228
CA,1971,,39068,133301,1116896
CA,1972,,41310,140949,1143282
CA,1973,,43496,148408,1141121
CA,1974,,42533,145123,1095377
CA,1975,,44257,151005,1166692
CA,1976,,45751,156102,1153125
CA,1977,,46555,158847,1116409
CA,1978,,49321,168283,1148025
CA,1979,,52421,178860,1240736
CA,1980,,52011,177462,1177558
CA,1981,,52798,180146,1146649
CA,1982,,51872,176989,1177687
CA,1983,,53873,183813,1165930
CA,1984,,56532,192886,1170654
CA,1985,,57501,196193,1253701
CA,1986,,57542,196334,1166165
CA,1987,,60368,205976,1263836
CA,1988,,64639,220548,1319416
CA,1989,,64347,219553,1371846
CA,1990,,66575,227153,1267416
CA,1991,,66017,225249,1267878
CA,1992,,68121,232429,1263703
CA,1993,,67359,229828,1218909
CA,1994,,68866,234972,1273362
CA,1995,,68783,234687,1177111
CA,1996,,71396,243604,1204600
CA,1997,,73086,249370,1209236
CA,1998,,75205,256601,1335068
CA,1999,,75303,256935,1345950
CA,2000,,79241,270369,1300566
CA,2001,,76668,261590,1322525
CA,2002,,77202,263414,1304814
CA,2003,,82926,282943,1321295
CA,2004,,83361,284429,1363294
CA,2005,,85610,292103,1311193
CA,2006,,89836,306520,1331067
CA,2007,,89158,304209,1360526
CA,2008,,91231,311280,1400434
CA,2009,,89799,306393,1364565
CA,2010,,87257,297721,1337056
CA,2011,,88398,301615,1339943
CA,2012,,90110,307455,1303292
CA,2013,,89242,304493,1301311
CA,2014,,89361,304899,1212364
CA,2015,,89386,304986,1201311
CA,2016,,88311,301317,1170025
CA,2017,,90124,307501,1170581
CA,2018,,89100,304009,1208295
CA,2019,,87524,298632,1209812
CA,2020,,94935,323917,1259488
CA,2021,,90284,308049,1224204
CA,2022,,89542,305518,1207011
CA,2023,,82821,282585,1166086
CA,2024,,85851,292922,
CO,1960,,1776,6061,89293
CO,1961,,1913,6529,94165
CO,1962,,2054,7007,97034
CO,1963,,2228,7601,89194
CO,1964,,2433,8300,102823
CO,1965,,2521,8601,103532
CO,1966,,2699,9208,119524
CO,1967,,2903,9906,119584
CO,1968,,3221,10989,132167
CO,1969,,3533,12056,137965
CO,1970,,3859,13167,140743
CO,1971,,4209,14360,146596
CO,1972,,4668,15927,159638
CO,1973,,5202,17748,171755
CO,1974,,5385,18374,164175
CO,1975,,5142,17544,160494
CO,1976,,5351,18258,171762
CO,1977,,5527,18858,166932
CO,1978,,5948,20295,166258
CO,1979,,6415,21888,169940
CO,1980,,6693,22837,173685
CO,1981,,8498,28996,182072
CO,1982,,9064,30925,198866
CO,1983,,9513,32458,206237
CO,1984,,8669,29578,199006
CO,1985,,8861,30235,199712
CO,1986,,8863,30240,187871
CO,1987,,9218,31451,189897
CO,1988,,9551,32586,201207
CO,1989,,9595,32740,204158
CO,1990,,9787,33394,214336
CO,1991,,10099,34459,230220
CO,1992,,10216,34856,227103
CO,1993,,10656,36357,241594
CO,1994,,10939,37323,236787
CO,1995,,11307,38578,247781
CO,1996,,11871,40502,261270
CO,1997,,12261,41834,262679
CO,1998,,12652,43167,262308
CO,1999,,13131,44802,276043
CO,2000,,14029,47867,294906
CO,2001,,14470,49372,303860
CO,2002,,15425,52630,319481
CO,2003,,15725,53653,320166
CO,2004,,15532,52996,310150
CO,2005,,16436,56081,324493
CO,2006,,16952,57839,321495
CO,2007,,17634,60168,336342
CO,2008,,17720,60462,335744
CO,2009,,17413,59412,327723
CO,2010,,18102,61765,339990
CO,2011,,18277,62360,336552
CO,2012,,18220,62168,317473
CO,2013,,18529,63221,343165
CO,2014,,18093,61733,332090
CO,2015,,18385,62729,326188
CO,2016,,18834,64261,322204
CO,2017,,18615,63514,316119
CO,2018,,19287,65807,331961
CO,2019,,19405,66209,350457
CO,2020,,20483,69886,334446
CO,2021,,20625,70373,330999
CO,2022,,20594,70267,334362
CO,2023,,19999,68238,320131
CO,2024,,20694,70607,
CT,1960,,2724,9295,153121
CT,1961,,2914,9941,154275
CT,1962,,3070,10475,153801
CT,1963,,3302,11268,154899
CT,1964,,3530,12043,147511
CT,1965,,3812,13006,155024
CT,1966,,4175,14246,153533
CT,1967,,4658,15893,159299
CT,1968,,5137,17528,169671
CT,1969,,5739,19581,178993
CT,1970,,6396,21824,193248
CT,1971,,6834,23319,196196
CT,1972,,7305,24924,207833
CT,1973,,7641,26070,207740
CT,1974,,7589,25894,202969
CT,1975,,7449,25417,195782
CT,1976,,7842,26758,210767
CT,1977,,7960,27158,211580
CT,1978,,8079,27566,214786
CT,1979,,8175,27893,236496
CT,1980,,8218,28040,224080
CT,1981,,8614,29391,222777
CT,1982,,8505,29020,215013
CT,1983,,8767,29913,201901
CT,1984,,8584,29290,205432
CT,1985,,8638,29474,207501
CT,1986,,9080,30982,221983
CT,1987,,9670,32994,228233
CT,1988,,10300,35145,250120
CT,1989,,10485,35776,259686
CT,1990,,10376,35403,250738
CT,1991,,10441,35623,248714
CT,1992,,10496,35813,271182
CT,1993,,10597,36156,265053
CT,1994,,10898,37185,262774
CT,1995,,10760,36713,252532
CT,1996,,10943,37337,258148
CT,1997,,10859,37051,248065
CT,1998,,10935,37310,234961
CT,1999,,11619,39644,255205
CT,2000,,11645,39734,270188
CT,2001,,11975,40857,262225
CT,2002,,12473,42557,260309
CT,2003,,13178,44964,295821
CT,2004,,13211,45077,296852
CT,2005,,13803,47096,285269
CT,2006,,12963,44231,255275
CT,2007,,13372,45626,264253
CT,2008,,12730,43434,253331
CT,2009,,12578,42917,251826
CT,2010,,13065,44579,250357
CT,2011,,12919,44079,236963
CT,2012,,12758,43529,231935
CT,2013,,13135,44818,244581
CT,2014,,12778,43597,246802
CT,2015,,12893,43990,250631
CT,2016,,12677,43254,225182
CT,2017,,12380,42239,227565
CT,2018,,13061,44565,245576
CT,2019,,12494,42628,236805
CT,2020,,12982,44294,228772
CT,2021,,13092,44670,240141
CT,2022,,13191,45007,242776
CT,2023,,12553,42832,229540
CT,2024,,12942,44158,
DC,1960,,429,1465,23603
DC,1961,,465,1585,23413
DC,1962,,474,1618,24308
DC,1963,,499,1702,24690
DC,1964,,537,1833,25122
DC,1965,,578,1973,25952
DC,1966,,627,2138,26362
DC,1967,,643,2194,28518
DC,1968,,711,2426,30403
DC,1969,,767,2615,31323
DC,1970,,830,2832,32956
DC,1971,,857,2925,31177
DC,1972,,862,2942,31350
DC,1973,,954,3254,32235
DC,1974,,884,3017,30444
DC,1975,,909,3102,29807
DC,1976,,930,3175,31186
DC,1977,,955,3258,29800
DC,1978,,975,3327,30808
DC,1979,,986,3364,29050
DC,1980,,1085,3702,33085
DC,1981,,1090,3717,29672
DC,1982,,1114,3800,31923
DC,1983,,1208,4120,31817
DC,1984,,1227,4188,37501
DC,1985,,1233,4207,36911
DC,1986,,1332,4543,36989
DC,1987,,1410,4812,36718
DC,1988,,1465,5000,37305
DC,1989,,1466,5002,36687
DC,1990,,1480,5051,35255
DC,1991,,1580,5391,36509
DC,1992,,1488,5077,36941
DC,1993,,1635,5578,39259
DC,1994,,1572,5362,37273
DC,1995,,1608,5488,38220
DC,1996,,1614,5508,39157
DC,1997,,1554,5301,36227
DC,1998,,1596,5444,34683
DC,1999,,1643,5605,35810
DC,2000,,1624,5541,37720
DC,2001,,1699,5797,35078
DC,2002,,1790,6108,37857
DC,2003,,1754,5986,38521
DC,2004,,1834,6259,38951
DC,2005,,1938,6613,38967
DC,2006,,1822,6217,33601
DC,2007,,1970,6720,36784
DC,2008,,1916,6536,35383
DC,2009,,1900,6482,35481
DC,2010,,2123,7245,37895
DC,2011,,2061,7033,34357
DC,2012,,2003,6833,33009
DC,2013,,2034,6939,35191
DC,2014,,2072,7070,36742
DC,2015,,2498,8522,40470
DC,2016,,2502,8536,36840
DC,2017,,2395,8171,35749
DC,2018,,2592,8845,39049
DC,2019,,2547,8690,36885
DC,2020,,2453,8368,33536
DC,2021,,2528,8626,35566
DC,2022,,2519,8595,35568
DC,2023,,2372,8092,33043
DC,2024,,2446,8345,
DE,1960,,496,1693,24666
DE,1961,,538,1836,24169
DE,1962,,565,1928,26531
DE,1963,,609,2079,28974
DE,1964,,665,2270,27398
DE,1965,,729,2487,28632
DE,1966,,815,2780,30365
DE,1967,,879,2999,31277
DE,1968,,969,3306,34086
DE,1969,,1051,3587,35140
DE,1970,,1169,3988,36638
DE,1971,,1248,4260,37761
DE,1972,,1304,4451,39404
DE,1973,,1444,4926,38877
DE,1974,,1377,4699,36988
DE,1975,,1640,5596,38763
DE,1976,,1716,5854,41690
DE,1977,,1790,6108,42088
DE,1978,,1821,6213,41407
DE,1979,,1816,6196,47441
DE,1980,,1866,6367,39914
DE,1981,,1443,4925,33101
DE,1982,,1466,5003,33584
DE,1983,,1546,5274,35214
DE,1984,,1904,6495,43549
DE,1985,,1924,6565,43500
DE,1986,,2121,7237,41300
DE,1987,,2329,7947,45700
DE,1988,,2533,8643,49033
DE,1989,,2623,8948,49658
DE,1990,,2651,9047,49416
DE,1991,,2824,9637,53682
DE,1992,,2786,9507,53228
DE,1993,,3044,10386,53498
DE,1994,,3107,10602,53667
DE,1995,,3168,10810,54757
DE,1996,,3271,11161,57307
DE,1997,,3257,11114,55495
DE,1998,,3339,11392,55272
DE,1999,,3532,12051,58653
DE,2000,,3575,12197,62856
DE,2001,,3734,12740,61068
DE,2002,,4020,13717,66706
DE,2003,,4190,14298,68416
DE,2004,,4305,14687,67018
DE,2005,,4594,15675,69725
DE,2006,,4259,14530,62531
DE,2007,,4470,15250,67051
DE,2008,,4428,15109,67487
DE,2009,,4335,14791,67260
DE,2010,,4760,16241,71069
DE,2011,,4632,15805,66065
DE,2012,,4522,15428,60636
DE,2013,,4570,15593,63245
DE,2014,,4645,15848,64812
DE,2015,,4849,16545,63856
DE,2016,,4763,16252,58693
DE,2017,,4663,15909,57163
DE,2018,,5070,17299,65350
DE,2019,,5004,17074,62342
DE,2020,,4991,17030,58826
DE,2021,,5170,17641,64727
DE,2022,,5210,17777,64712
DE,2023,,4932,16827,59333
DE,2024,,5175,17655,
FL,1960,,7258,24763,117746
FL,1961,,7984,27241,124951
FL,1962,,9141,31188,136258
FL,1963,,10129,34559,153092
FL,1964,,11340,38692,163944
FL,1965,,12283,41910,169286
FL,1966,,14103,48121,192264
FL,1967,,15382,52483,196978
FL,1968,,18257,62291,233269
FL,1969,,21489,73320,266840
FL,1970,,24610,83969,309379
FL,1971,,27225,92893,333043
FL,1972,,30444,103875,363656
FL,1973,,35238,120232,418172
FL,1974,,34345,117186,403043
FL,1975,,34756,118588,407237
FL,1976,,36022,122907,431465
FL,1977,,38955,132914,475353
FL,1978,,41847,142782,506668
FL,1979,,42218,144048,499192
FL,1980,,44746,152673,559568
FL,1981,,46139,157425,559118
FL,1982,,45126,153971,556668
FL,1983,,47280,161318,559459
FL,1984,,50315,171674,603973
FL,1985,,54118,184652,654584
FL,1986,,57672,196778,674247
FL,1987,,60406,206105,696326
FL,1988,,63972,218272,740912
FL,1989,,68184,232642,818260
FL,1990,,71115,242643,878331
FL,1991,,72814,248441,897520
FL,1992,,73189,249721,905461
FL,1993,,76827,262135,919888
FL,1994,,80595,274991,943471
FL,1995,,85770,292646,1007165
FL,1996,,88315,301330,1041271
FL,1997,,87845,299728,1028274
FL,1998,,95768,326761,1120158
FL,1999,,93846,320203,1105460
FL,2000,,99006,337807,1158479
FL,2001,,101377,345899,1160719
FL,2002,,108164,369055,1226842
FL,2003,,112650,384361,1249770
FL,2004,,112203,382837,1243035
FL,2005,,115791,395080,1256746
FL,2006,,117053,399385,1258765
FL,2007,,117816,401989,1248144
FL,2008,,113937,388753,1208919
FL,2009,,115474,393996,1215334
FL,2010,,122245,417099,1264768
FL,2011,,116341,396956,1181363
FL,2012,,112127,382578,1119610
FL,2013,,113294,386559,1138042
FL,2014,,116535,397618,1168972
FL,2015,,122759,418855,1198838
FL,2016,,123321,420770,1197492
FL,2017,,121463,414430,1164617
FL,2018,,125528,428302,1181052
FL,2019,,127182,433943,1160863
FL,2020,,133299,454816,1186255
FL,2021,,130412,444967,1175149
FL,2022,,134246,458047,1182723
FL,2023,,135805,463367,1172052
FL,2024,,138371,472121,
GA,1960,,4469,15248,155919
GA,1961,,4657,15891,155182
GA,1962,,5191,17712,160370
GA,1963,,5620,19174,168271
GA,1964,,6292,21468,179084
GA,1965,,6936,23664,180664
GA,1966,,7653,26112,196991
GA,1967,,8202,27986,202621
GA,1968,,9732,33206,221404
GA,1969,,11062,37744,238972
GA,1970,,12474,42562,252486
GA,1971,,13099,44694,258442
GA,1972,,13786,47036,261865
GA,1973,,15383,52486,278128
GA,1974,,15098,51515,263687
GA,1975,,16457,56151,291107
GA,1976,,16904,57676,300925
GA,1977,,18610,63497,337501
GA,1978,,19218,65572,336818
GA,1979,,18367,62668,316057
GA,1980,,20033,68353,343691
GA,1981,,20207,68947,336629
GA,1982,,20147,68742,336660
GA,1983,,20726,70719,339375
GA,1984,,22570,77010,368035
GA,1985,,23505,80198,372955
GA,1986,,25808,88056,393358
GA,1987,,26991,92093,413990
GA,1988,,27609,94203,432395
GA,1989,,28349,96728,442300
GA,1990,,29933,102131,420158
GA,1991,,30187,102997,432616
GA,1992,,30528,104160,447892
GA,1993,,33867,115554,498239
GA,1994,,32735,111690,476470
GA,1995,,35812,122192,532808
GA,1996,,37763,128847,575871
GA,1997,,36831,125666,558675
GA,1998,,41519,141664,585358
GA,1999,,41767,142507,578118
GA,2000,,44560,152039,649841
GA,2001,,44380,151425,615886
GA,2002,,48600,165822,650004
GA,2003,,48174,164370,667429
GA,2004,,51124,174433,704344
GA,2005,,52827,180244,701663
GA,2006,,54521,186024,703444
GA,2007,,56223,191834,728522
GA,2008,,55587,189662,729482
GA,2009,,55158,188198,714667
GA,2010,,61554,210024,806895
GA,2011,,57750,197041,732025
GA,2012,,53660,183088,659224
GA,2013,,53544,182694,670701
GA,2014,,57167,195055,726340
GA,2015,,56422,192511,683282
GA,2016,,57889,197519,692959
GA,2017,,54771,186880,647889
GA,2018,,59689,203659,714609
GA,2019,,59331,202439,693488
GA,2020,,58220,198648,659293
GA,2021,,58685,200233,674235
GA,2022,,61140,208611,701106
GA,2023,,58412,199303,663920
GA,2024,,62063,211759,
HI,1960,,514,1754,7064
HI,1961,,576,1966,7272
HI,1962,,643,2194,7685
HI,1963,,732,2497,8642
HI,1964,,788,2688,9310
HI,1965,,861,2938,9821
HI,1966,,915,3121,10435
HI,1967,,993,3389,11659
HI,1968,,1101,3758,12581
HI,1969,,1187,4050,13999
HI,1970,,1285,4384,15409
HI,1971,,1391,4745,16704
HI,1972,,1511,5155,18589
HI,1973,,1599,5456,18964
HI,1974,,1655,5646,19263
HI,1975,,1663,5674,18917
HI,1976,,1736,5925,20231
HI,1977,,1760,6005,20676
HI,1978,,1779,6070,20746
HI,1979,,1846,6299,21396
HI,1980,,1841,6281,20981
HI,1981,,1924,6565,20909
HI,1982,,1842,6284,19554
HI,1983,,1854,6327,20058
HI,1984,,1838,6270,19664
HI,1985,,1879,6411,19853
HI,1986,,1962,6695,20392
HI,1987,,2073,7072,21907
HI,1988,,2151,7341,22960
HI,1989,,2242,7650,25243
HI,1990,,2324,7929,30623
HI,1991,,2396,8174,26003
HI,1992,,2438,8320,29590
HI,1993,,2469,8423,29218
HI,1994,,2557,8724,29974
HI,1995,,2606,8893,30689
HI,1996,,2676,9130,31444
HI,1997,,2668,9103,31534
HI,1998,,2641,9010,31746
HI,1999,,2689,9175,31839
HI,2000,,2765,9433,32358
HI,2001,,2802,9562,31648
HI,2002,,2898,9889,34300
HI,2003,,3028,10330,31342
HI,2004,,3162,10789,32095
HI,2005,,3164,10796,32758
HI,2006,,3182,10858,32942
HI,2007,,3201,10921,33072
HI,2008,,3085,10527,32423
HI,2009,,3055,10425,32319
HI,2010,,2989,10200,31635
HI,2011,,2929,9993,31100
HI,2012,,2739,9346,29565
HI,2013,,2609,8901,27939
HI,2014,,2584,8816,27917
HI,2015,,2641,9012,27700
HI,2016,,2612,8911,28045
HI,2017,,2630,8972,28755
HI,2018,,2711,9249,29122
HI,2019,,2760,9416,29502
HI,2020,,2849,9721,30851
HI,2021,,2825,9639,30668
HI,2022,,2748,9378,30230
HI,2023,,2693,9189,29368
HI,2024,,2652,9047,
IA,1960,,3720,12693,155178
IA,1961,,3937,13434,156428
IA,1962,,4157,14183,166050
IA,1963,,4433,15125,166549
IA,1964,,4742,16178,168020
IA,1965,,5044,17209,177654
IA,1966,,4554,15539,175334
IA,1967,,4845,16530,184415
IA,1968,,5436,18547,192981
IA,1969,,5920,20200,204071
IA,1970,,6480,22109,211108
IA,1971,,6854,23384,208105
IA,1972,,7276,24827,221712
IA,1973,,7651,26105,219167
IA,1974,,7798,26606,217264
IA,1975,,8338,28449,223659
IA,1976,,8422,28737,222003
IA,1977,,8852,30202,224697
IA,1978,,9634,32871,225917
IA,1979,,9701,33100,244488
IA,1980,,10038,34250,233000
IA,1981,,9852,33614,218645
IA,1982,,10198,34795,232702
IA,1983,,11064,37750,227922
IA,1984,,9870,33678,214585
IA,1985,,9851,33611,203783
IA,1986,,10008,34148,195054
IA,1987,,10045,34274,182384
IA,1988,,10677,36430,204047
IA,1989,,10394,35466,202331
IA,1990,,10513,35871,203676
IA,1991,,11159,38075,220148
IA,1992,,10290,35111,204348
IA,1993,,11103,37884,223708
IA,1994,,11062,37742,218001
IA,1995,,11640,39715,228676
IA,1996,,11537,39365,238932
IA,1997,,11673,39830,231757
IA,1998,,11855,40451,219831
IA,1999,,11867,40490,232175
IA,2000,,12029,41042,235769
IA,2001,,12430,42410,228374
IA,2002,,12921,44085,235393
IA,2003,,12768,43563,235938
IA,2004,,12625,43077,230261
IA,2005,,13571,46303,234060
IA,2006,,13344,45531,223610
IA,2007,,14060,47974,236094
IA,2008,,14073,48018,246469
IA,2009,,13723,46824,230729
IA,2010,,14555,49661,230991
IA,2011,,14327,48883,225443
IA,2012,,13988,47726,199180
IA,2013,,14626,49903,224389
IA,2014,,14427,49223,224473
IA,2015,,13786,47039,196749
IA,2016,,14094,48088,192811
IA,2017,,13722,46819,186548
IA,2018,,14840,50635,214694
IA,2019,,14495,49456,208362
IA,2020,,14567,49704,182148
IA,2021,,14652,49992,181771
IA,2022,,15193,51838,194134
IA,2023,,14582,49753,174660
IA,2024,,14469,49368,
ID,1960,,1463,4992,34695
ID,1961,,1519,5183,34836
ID,1962,,1597,5449,35713
ID,1963,,1638,5588,35990
ID,1964,,1708,5827,38181
ID,1965,,1779,6069,37419
ID,1966,,1831,6247,38129
ID,1967,,1917,6540,44329
ID,1968,,2049,6991,45826
ID,1969,,2186,7457,43861
ID,1970,,2354,8033,45235
ID,1971,,2602,8877,49613
ID,1972,,2845,9707,53530
ID,1973,,3100,10579,54774
ID,1974,,3346,11417,56441
ID,1975,,3870,13206,67521
ID,1976,,4169,14224,69736
ID,1977,,4456,15205,73748
ID,1978,,4502,15361,70731
ID,1979,,5048,17224,75681
ID,1980,,4936,16842,67716
ID,1981,,5148,17566,68998
ID,1982,,5499,18763,71608
ID,1983,,5212,17784,69925
ID,1984,,5710,19483,74215
ID,1985,,5780,19722,77023
ID,1986,,5433,18537,71334
ID,1987,,5209,17772,66249
ID,1988,,5449,18593,70987
ID,1989,,5713,19493,76109
ID,1990,,5626,19197,59218
ID,1991,,5971,20373,64460
ID,1992,,5739,19581,66732
ID,1993,,6245,21308,68367
ID,1994,,6222,21229,71598
ID,1995,,6193,21131,65622
ID,1996,,6508,22205,66016
ID,1997,,6628,22614,65505
ID,1998,,6610,22554,69022
ID,1999,,6806,23224,74633
ID,2000,,7006,23906,85730
ID,2001,,6906,23562,86854
ID,2002,,7056,24075,84618
ID,2003,,7090,24190,83402
ID,2004,,7314,24955,90183
ID,2005,,7601,25934,98781
ID,2006,,8057,27492,97328
ID,2007,,8339,28454,105956
ID,2008,,8540,29138,111090
ID,2009,,8554,29185,99622
ID,2010,,8137,27763,96729
ID,2011,,8390,28626,89356
ID,2012,,8159,27840,86831
ID,2013,,8619,29409,100219
ID,2014,,8135,27756,91788
ID,2015,,8055,27483,97557
ID,2016,,8172,27883,95747
ID,2017,,8728,29780,101990
ID,2018,,8428,28755,98036
ID,2019,,8697,29674,107510
ID,2020,,8971,30608,97128
ID,2021,,9301,31734,104573
ID,2022,,9964,33996,117047
ID,2023,,9793,33415,114215
ID,2024,,9832,33548,
IL,1960,,9969,34015,568985
IL,1961,,10809,36879,584518
IL,1962,,11475,39152,619140
IL,1963,,12267,41855,619669
IL,1964,,13315,45431,641437
IL,1965,,14173,48357,674172
IL,1966,,15775,53823,706603
IL,1967,,16663,56854,732637
IL,1968,,18765,64027,760001
IL,1969,,20546,70104,822447
IL,1970,,22533,76882,836162
IL,1971,,23977,81811,868165
IL,1972,,25462,86875,911375
IL,1973,,27179,92734,876920
IL,1974,,26880,91713,884476
IL,1975,,26366,89962,897776
IL,1976,,26308,89763,944866
IL,1977,,28157,96071,981412
IL,1978,,29096,99276,994962
IL,1979,,29288,99931,917075
IL,1980,,29930,102121,880193
IL,1981,,28380,96831,847941
IL,1982,,28600,97584,846100
IL,1983,,30740,104884,847080
IL,1984,,30431,103832,880791
IL,1985,,29976,102277,848947
IL,1986,,30965,105652,825252
IL,1987,,31995,109167,812160
IL,1988,,33980,115941,897860
IL,1989,,32378,110474,928051
IL,1990,,32871,112157,893058
IL,1991,,35964,122708,957743
IL,1992,,32367,110436,918827
IL,1993,,35226,120190,955322
IL,1994,,35706,121828,936682
IL,1995,,38386,130974,996290
IL,1996,,37554,128135,1029076
IL,1997,,37264,127145,978689
IL,1998,,39707,135480,914175
IL,1999,,39631,135220,958276
IL,2000,,40146,136980,971873
IL,2001,,41820,142690,949281
IL,2002,,45030,153643,1006246
IL,2003,,43161,147266,997820
IL,2004,,43443,148226,974185
IL,2005,,48593,165798,1012120
IL,2006,,46381,158254,947786
IL,2007,,48036,163900,1001086
IL,2008,,46780,159615,1024099
IL,2009,,44324,151235,971053
IL,2010,,48583,165765,989274
IL,2011,,47057,160558,969445
IL,2012,,46902,160029,902018
IL,2013,,46372,158222,995294
IL,2014,,46009,156984,1015974
IL,2015,,44646,152331,908426
IL,2016,,45990,156918,907598
IL,2017,,43717,149164,873177
IL,2018,,47226,161135,971711
IL,2019,,45220,154292,949675
IL,2020,,46171,157534,917903
IL,2021,,46813,159726,907653
IL,2022,,46479,158587,931009
IL,2023,,43320,147807,827634
IL,2024,,44851,153031,
IN,1960,,6371,21738,271911
IN,1961,,6748,23026,278501
IN,1962,,7160,24429,294235
IN,1963,,7537,25716,293072
IN,1964,,8042,27441,295450
IN,1965,,8651,29519,305553
IN,1966,,9482,32352,324768
IN,1967,,10218,34865,341958
IN,1968,,11268,38445,364836
IN,1969,,12463,42524,388470
IN,1970,,13488,46022,402417
IN,1971,,14372,49036,415745
IN,1972,,15335,52322,441363
IN,1973,,16351,55788,427625
IN,1974,,16543,56444,426615
IN,1975,,16375,55873,429069
IN,1976,,16673,56890,433454
IN,1977,,18048,61579,451756
IN,1978,,18262,62310,472571
IN,1979,,18316,62494,453436
IN,1980,,19262,65722,439983
IN,1981,,19118,65230,424565
IN,1982,,19307,65874,429111
IN,1983,,19931,68003,411360
IN,1984,,20193,68899,415049
IN,1985,,19803,67569,406940
IN,1986,,20508,69973,405477
IN,1987,,21171,72234,414615
IN,1988,,22486,76723,449952
IN,1989,,22281,76024,456224
IN,1990,,22111,75443,432572
IN,1991,,24220,82639,460671
IN,1992,,22837,77920,449934
IN,1993,,24978,85227,483479
IN,1994,,25048,85464,473010
IN,1995,,26560,90623,492269
IN,1996,,26860,91648,522309
IN,1997,,26550,90590,502224
IN,1998,,27334,93265,475100
IN,1999,,28806,98284,509889
IN,2000,,28649,97749,515784
IN,2001,,29420,100380,503120
IN,2002,,31568,107710,534678
IN,2003,,30726,104838,548521
IN,2004,,31192,106428,529881
IN,2005,,33629,114741,559833
IN,2006,,32286,110161,516132
IN,2007,,34646,118212,577490
IN,2008,,33980,115941,589724
IN,2009,,32548,111054,555226
IN,2010,,35058,119619,575619
IN,2011,,33912,115708,550204
IN,2012,,32964,112472,511645
IN,2013,,33407,113983,558862
IN,2014,,33704,114998,573355
IN,2015,,32442,110691,522360
IN,2016,,33026,112685,511925
IN,2017,,31552,107654,483812
IN,2018,,34575,117969,544397
IN,2019,,33249,113446,521013
IN,2020,,32878,112181,490723
IN,2021,,33472,114206,500506
IN,2022,,34058,116208,513283
IN,2023,,31739,108294,463600
IN,2024,,33049,112762,
KS,1960,,2360,8051,120184
KS,1961,,2464,8408,132916
KS,1962,,2722,9288,136680
KS,1963,,3023,10315,133181
KS,1964,,3178,10843,135981
KS,1965,,3251,11093,145163
KS,1966,,3555,12130,144161
KS,1967,,3627,12375,140532
KS,1968,,4214,14380,153022
KS,1969,,4784,16325,164726
KS,1970,,5348,18247,174837
KS,1971,,5554,18949,176930
KS,1972,,5966,20355,184582
KS,1973,,6469,22071,183929
KS,1974,,6629,22619,181083
KS,1975,,5695,19430,176771
KS,1976,,5758,19646,182621
KS,1977,,5964,20349,180089
KS,1978,,6571,22420,189007
KS,1979,,6290,21461,183832
KS,1980,,7189,24529,179577
KS,1981,,7600,25931,168789
KS,1982,,7746,26428,180102
KS,1983,,8368,28552,184250
KS,1984,,8269,28216,178449
KS,1985,,8195,27960,180784
KS,1986,,8346,28476,169783
KS,1987,,8617,29401,175197
KS,1988,,9121,31121,184941
KS,1989,,8898,30359,184631
KS,1990,,9515,32464,199384
KS,1991,,9933,33892,210871
KS,1992,,8873,30274,191327
KS,1993,,9986,34073,216421
KS,1994,,10131,34565,207463
KS,1995,,10356,35334,213485
KS,1996,,10672,36414,230462
KS,1997,,10862,37062,219050
KS,1998,,11832,40371,227335
KS,1999,,11347,38717,226051
KS,2000,,12528,42747,238841
KS,2001,,12062,41157,227150
KS,2002,,12745,43487,236465
KS,2003,,12602,42999,235900
KS,2004,,12417,42365,229218
KS,2005,,13406,45742,238654
KS,2006,,13503,46071,227010
KS,2007,,13806,47108,232899
KS,2008,,13502,46069,240315
KS,2009,,13149,44865,233809
KS,2010,,14334,48908,241237
KS,2011,,14344,48941,237375
KS,2012,,13797,47074,210399
KS,2013,,13593,46379,218599
KS,2014,,13685,46693,221012
KS,2015,,13242,45181,201011
KS,2016,,13509,46094,188621
KS,2017,,13013,44402,176480
KS,2018,,14187,48407,202818
KS,2019,,13631,46508,196205
KS,2020,,13592,46377,183013
KS,2021,,13769,46981,179855
KS,2022,,14444,49281,189341
KS,2023,,13815,47138,176361
KS,2024,,13840,47222,
KY,1960,,2760,9418,130891
KY,1961,,2878,9819,126930
KY,1962,,3015,10287,128837
KY,1963,,3166,10801,136098
KY,1964,,3485,11891,134782
KY,1965,,3763,12838,139062
KY,1966,,4184,14275,137974
KY,1967,,4473,15262,154558
KY,1968,,5520,18834,177982
KY,1969,,6318,21556,195615
KY,1970,,6987,23840,204855
KY,1971,,7547,25751,203617
KY,1972,,7079,24154,197606
KY,1973,,7982,27236,202073
KY,1974,,8109,27666,197855
KY,1975,,9586,32707,215368
KY,1976,,10034,34237,241217
KY,1977,,11479,39166,262371
KY,1978,,12027,41036,258621
KY,1979,,11974,40855,254830
KY,1980,,13075,44612,253736
KY,1981,,13700,46745,248477
KY,1982,,13697,46733,249439
KY,1983,,14461,49340,250143
KY,1984,,14675,50070,259383
KY,1985,,14539,49609,256302
KY,1986,,15307,52227,257754
KY,1987,,16080,54865,263465
KY,1988,,16811,57359,280581
KY,1989,,16922,57738,285364
KY,1990,,16814,57368,269660
KY,1991,,18644,63615,295323
KY,1992,,17787,60688,289803
KY,1993,,19223,65589,309408
KY,1994,,19481,66469,306771
KY,1995,,20537,70073,325700
KY,1996,,21353,72857,339352
KY,1997,,20998,71646,324970
KY,1998,,21669,73936,318359
KY,1999,,22548,76932,340310
KY,2000,,23374,79754,354678
KY,2001,,23698,80859,338896
KY,2002,,25347,86484,372358
KY,2003,,24704,84289,364218
KY,2004,,25187,85937,363234
KY,2005,,26947,91944,385619
KY,2006,,25949,88538,366855
KY,2007,,28004,95549,390383
KY,2008,,27562,94040,389482
KY,2009,,26561,90625,376678
KY,2010,,29137,99414,407223
KY,2011,,27198,92799,377734
KY,2012,,26097,89042,356074
KY,2013,,26788,91401,378158
KY,2014,,27400,93488,387595
KY,2015,,26168,89286,353445
KY,2016,,26338,89867,347494
KY,2017,,24883,84899,321536
KY,2018,,27713,94556,359216
KY,2019,,26573,90667,341757
KY,2020,,25935,88491,313264
KY,2021,,26434,90194,325555
KY,2022,,26840,91579,336483
KY,2023,,24553,83774,297639
KY,2024,,26086,89004,
LA,1960,,3014,10285,103036
LA,1961,,3080,10509,104683
LA,1962,,3885,13255,113254
LA,1963,,4219,14394,121081
LA,1964,,4712,16076,134509
LA,1965,,5161,17610,129055
LA,1966,,5890,20097,142460
LA,1967,,6407,21861,153502
LA,1968,,7494,25570,168393
LA,1969,,8519,29068,185560
LA,1970,,9334,31848,199066
LA,1971,,10119,34525,200865
LA,1972,,11662,39792,219960
LA,1973,,12298,41960,236575
LA,1974,,12121,41358,233197
LA,1975,,11923,40683,235104
LA,1976,,12473,42557,241587
LA,1977,,14272,48695,264493
LA,1978,,15448,52709,262708
LA,1979,,15504,52900,265978
LA,1980,,16832,57431,262741
LA,1981,,17601,60056,277263
LA,1982,,17989,61378,269986
LA,1983,,17351,59203,258015
LA,1984,,19298,65845,278505
LA,1985,,20168,68813,281829
LA,1986,,20263,69138,276286
LA,1987,,19986,68193,278906
LA,1988,,20134,68697,281585
LA,1989,,20515,69997,287568
LA,1990,,21434,73131,265632
LA,1991,,21577,73620,270329
LA,1992,,21188,72292,264729
LA,1993,,22430,76532,280588
LA,1994,,22629,77209,280741
LA,1995,,24116,82285,299736
LA,1996,,24311,82948,304837
LA,1997,,24502,83600,296049
LA,1998,,26709,91131,311888
LA,1999,,26426,90164,296047
LA,2000,,27719,94578,317347
LA,2001,,25800,88031,291447
LA,2002,,28157,96072,309972
LA,2003,,28572,97489,286020
LA,2004,,28863,98481,289241
LA,2005,,28654,97768,305426
LA,2006,,28113,95921,267882
LA,2007,,28878,98531,342273
LA,2008,,28848,98431,342066
LA,2009,,29747,101496,347696
LA,2010,,32679,111501,381348
LA,2011,,32019,109249,366301
LA,2012,,30027,102451,334742
LA,2013,,30709,104780,338053
LA,2014,,31401,107139,342132
LA,2015,,31545,107633,328034
LA,2016,,30650,104578,310164
LA,2017,,29532,100763,302997
LA,2018,,32066,109408,325473
LA,2019,,30986,105724,309294
LA,2020,,30441,103864,292505
LA,2021,,30408,103753,305340
LA,2022,,31445,107289,302050
LA,2023,,31747,108319,279853
LA,2024,,30975,105686,
MA,1960,,4190,14297,340179
MA,1961,,4466,15237,349223
MA,1962,,4718,16099,360261
MA,1963,,5030,17161,350420
MA,1964,,5361,18292,345132
MA,1965,,5766,19673,370964
MA,1966,,6222,21229,349710
MA,1967,,6929,23643,377222
MA,1968,,7578,25856,391061
MA,1969,,8406,28681,408910
MA,1970,,9335,31850,427945
MA,1971,,10200,34804,445851
MA,1972,,10965,37413,464892
MA,1973,,11715,39973,468069
MA,1974,,11443,39044,449761
MA,1975,,10648,36331,438733
MA,1976,,11227,38308,470967
MA,1977,,11089,37836,465768
MA,1978,,11242,38358,450809
MA,1979,,11422,38972,376738
MA,1980,,11571,39480,390110
MA,1981,,11684,39867,360811
MA,1982,,11986,40896,361541
MA,1983,,12436,42431,365819
MA,1984,,12702,43340,381910
MA,1985,,12907,44039,385543
MA,1986,,13608,46430,395781
MA,1987,,14475,49390,405607
MA,1988,,15511,52923,422155
MA,1989,,15772,53815,442134
MA,1990,,15581,53163,428678
MA,1991,,15379,52475,410665
MA,1992,,15560,53091,449840
MA,1993,,15785,53859,455507
MA,1994,,16049,54759,453414
MA,1995,,15993,54567,428933
MA,1996,,16256,55465,427277
MA,1997,,16278,55541,415094
MA,1998,,16388,55916,400967
MA,1999,,17392,59343,425168
MA,2000,,17562,59923,456181
MA,2001,,17984,61360,454023
MA,2002,,18695,63786,460055
MA,2003,,19591,66844,470742
MA,2004,,19769,67450,450632
MA,2005,,20539,70080,445520
MA,2006,,19624,66959,404337
MA,2007,,20138,68709,420395
MA,2008,,19638,67007,426391
MA,2009,,19475,66447,419092
MA,2010,,21409,73048,431487
MA,2011,,20473,69852,417301
MA,2012,,20313,69310,395808
MA,2013,,20728,70723,412039
MA,2014,,20071,68483,427032
MA,2015,,20175,68838,424894
MA,2016,,19693,67192,383012
MA,2017,,19338,65981,393357
MA,2018,,20285,69211,414042
MA,2019,,19315,65901,414014
MA,2020,,20345,69418,388582
MA,2021,,20305,69282,395673
MA,2022,,20007,68264,398511
MA,2023,,19366,66076,370772
MA,2024,,19993,68215,
MD,1960,,2772,9458,138197
MD,1961,,3060,10440,147795
MD,1962,,3264,11138,154619
MD,1963,,3553,12124,160740
MD,1964,,3927,13398,165536
MD,1965,,4384,14957,169334
MD,1966,,4955,16907,175736
MD,1967,,5364,18302,189505
MD,1968,,6180,21088,202494
MD,1969,,6903,23554,212764
MD,1970,,7690,26237,226513
MD,1971,,8108,27663,230769
MD,1972,,8580,29275,235378
MD,1973,,9668,32988,242946
MD,1974,,9410,32108,234660
MD,1975,,9660,32958,238469
MD,1976,,10117,34520,248272
MD,1977,,10804,36865,251611
MD,1978,,11168,38106,260763
MD,1979,,11206,38235,268349
MD,1980,,12119,41350,272854
MD,1981,,12309,41997,259700
MD,1982,,12472,42553,261182
MD,1983,,13490,46028,261147
MD,1984,,13974,47679,287746
MD,1985,,14319,48857,280848
MD,1986,,15819,53975,292043
MD,1987,,17218,58749,309881
MD,1988,,18483,63065,333240
MD,1989,,19069,65065,334530
MD,1990,,19102,65175,326233
MD,1991,,20295,69248,344035
MD,1992,,19762,67428,344597
MD,1993,,21546,73515,376265
MD,1994,,21666,73925,372712
MD,1995,,22234,75862,376482
MD,1996,,22986,78427,395920
MD,1997,,21937,74848,370920
MD,1998,,22407,76452,364878
MD,1999,,23342,79644,383832
MD,2000,,23949,81715,402956
MD,2001,,24294,82891,386994
MD,2002,,25489,86969,406325
MD,2003,,26671,91002,427908
MD,2004,,27952,95372,439835
MD,2005,,28440,97036,446377
MD,2006,,26905,91801,403916
MD,2007,,28195,96201,426860
MD,2008,,27144,92616,414423
MD,2009,,26945,91935,415430
MD,2010,,28934,98723,440499
MD,2011,,27296,93133,402872
MD,2012,,26678,91026,385120
MD,2013,,27448,93654,412721
MD,2014,,27488,93788,424110
MD,2015,,27403,93500,408667
MD,2016,,27317,93205,389244
MD,2017,,26084,88999,363581
MD,2018,,28138,96008,392167
MD,2019,,27534,93945,372703
MD,2020,,27306,93169,357655
MD,2021,,27965,95415,366954
MD,2022,,28065,95759,373085
MD,2023,,26108,89080,341587
MD,2024,,27327,93241,
ME,1960,,993,3389,61932
ME,1961,,1047,3572,69892
ME,1962,,1097,3742,69720
ME,1963,,1131,3858,73189
ME,1964,,1172,4000,65423
ME,1965,,1224,4176,66780
ME,1966,,1294,4414,63552
ME,1967,,1347,4595,71018
ME,1968,,1455,4964,75058
ME,1969,,1569,5354,78101
ME,1970,,1723,5878,79551
ME,1971,,1888,6441,81434
ME,1972,,2129,7264,87214
ME,1973,,2263,7723,84393
ME,1974,,2408,8217,83495
ME,1975,,2487,8486,83731
ME,1976,,2771,9453,99193
ME,1977,,2859,9756,106509
ME,1978,,2996,10222,101968
ME,1979,,3016,10291,92808
ME,1980,,2998,10229,82512
ME,1981,,3033,10349,73911
ME,1982,,3182,10856,73116
ME,1983,,3218,10979,65091
ME,1984,,3369,11494,69404
ME,1985,,3419,11667,80625
ME,1986,,3578,12207,85048
ME,1987,,3726,12712,85072
ME,1988,,3904,13319,92184
ME,1989,,4009,13680,91242
ME,1990,,3932,13417,72525
ME,1991,,3817,13024,72373
ME,1992,,3830,13067,74180
ME,1993,,3872,13212,77202
ME,1994,,3692,12597,74434
ME,1995,,3629,12382,75491
ME,1996,,3679,12553,83542
ME,1997,,3659,12484,75455
ME,1998,,3589,12246,79359
ME,1999,,3704,12639,80259
ME,2000,,3737,12750,80098
ME,2001,,3903,13317,83296
ME,2002,,4043,13795,76779
ME,2003,,4219,14395,95545
ME,2004,,4331,14778,101232
ME,2005,,4503,15366,98671
ME,2006,,4351,14846,86661
ME,2007,,4413,15058,91143
ME,2008,,4351,14847,80301
ME,2009,,4360,14876,83239
ME,2010,,4372,14917,81849
ME,2011,,4382,14950,80192
ME,2012,,4481,15288,72119
ME,2013,,4662,15908,77114
ME,2014,,4661,15902,82424
ME,2015,,4662,15908,98463
ME,2016,,4586,15647,87927
ME,2017,,4639,15827,88174
ME,2018,,4872,16623,95139
ME,2019,,4794,16356,92966
ME,2020,,4905,16737,80480
ME,2021,,5062,17272,80584
ME,2022,,5091,17370,80751
ME,2023,,4919,16783,79083
ME,2024,,4901,16724,
MI,1960,,8728,29779,469539
MI,1961,,9180,31321,490189
MI,1962,,9551,32587,511205
MI,1963,,9956,33969,511087
MI,1964,,10573,36076,511153
MI,1965,,11309,38587,543980
MI,1966,,12326,42055,575721
MI,1967,,13223,45119,603659
MI,1968,,14528,49568,632449
MI,1969,,15841,54048,659871
MI,1970,,17103,58355,682478
MI,1971,,18168,61990,706470
MI,1972,,19397,66181,744791
MI,1973,,20246,69079,732427
MI,1974,,20288,69223,723418
MI,1975,,20886,71264,714894
MI,1976,,21323,72753,729666
MI,1977,,21709,74072,697568
MI,1978,,21858,74579,733134
MI,1979,,22042,75207,726034
MI,1980,,22260,75951,744278
MI,1981,,21530,73461,700904
MI,1982,,21276,72595,689264
MI,1983,,21946,74881,676183
MI,1984,,22309,76120,672140
MI,1985,,22302,76094,680226
MI,1986,,23025,78562,675918
MI,1987,,24032,81997,672392
MI,1988,,25316,86380,733835
MI,1989,,25319,86389,756226
MI,1990,,25319,86388,721196
MI,1991,,26760,91303,724067
MI,1992,,25671,87588,734345
MI,1993,,26770,91340,743666
MI,1994,,27174,92718,727514
MI,1995,,28623,97661,766183
MI,1996,,28901,98612,807613
MI,1997,,28726,98014,781666
MI,1998,,29808,101705,736163
MI,1999,,30661,104616,780797
MI,2000,,30707,104773,804069
MI,2001,,32305,110224,810739
MI,2002,,34336,117155,858254
MI,2003,,33669,114880,870157
MI,2004,,33104,112949,832732
MI,2005,,36095,123156,877245
MI,2006,,34622,118131,787361
MI,2007,,35366,120669,810711
MI,2008,,34297,117023,804655
MI,2009,,32854,112098,751885
MI,2010,,34681,118331,748224
MI,2011,,34811,118776,759404
MI,2012,,34461,117581,696038
MI,2013,,34013,116053,763444
MI,2014,,33515,114353,777665
MI,2015,,33358,113817,730999
MI,2016,,34543,117862,720076
MI,2017,,32977,112519,712426
MI,2018,,35131,119868,775877
MI,2019,,33496,114287,771601
MI,2020,,35863,122364,749489
MI,2021,,35868,122382,738265
MI,2022,,35035,119539,760789
MI,2023,,32534,111005,666209
MI,2024,,33505,114319,
MN,1960,,4186,14281,190156
MN,1961,,4543,15502,194841
MN,1962,,4834,16493,204036
MN,1963,,5199,17740,201933
MN,1964,,5607,19132,211130
MN,1965,,6063,20686,230525
MN,1966,,6571,22421,245781
MN,1967,,6919,23608,246096
MN,1968,,7607,25955,260860
MN,1969,,8303,28331,274646
MN,1970,,9031,30814,287766
MN,1971,,9297,31722,292688
MN,1972,,9945,33932,307069
MN,1973,,10009,34151,296869
MN,1974,,10012,34160,302302
MN,1975,,10189,34765,302209
MN,1976,,10474,35739,308422
MN,1977,,10368,35374,301511
MN,1978,,11315,38607,315998
MN,1979,,11511,39276,312785
MN,1980,,11749,40088,290796
MN,1981,,12281,41903,277773
MN,1982,,12773,43582,305961
MN,1983,,13392,45694,285396
MN,1984,,13028,44453,287115
MN,1985,,13261,45247,297708
MN,1986,,13259,45241,292367
MN,1987,,13834,47201,282922
MN,1988,,14996,51166,320974
MN,1989,,14778,50421,335031
MN,1990,,14858,50694,324448
MN,1991,,15655,53415,341683
MN,1992,,14848,50661,324271
MN,1993,,15597,53217,338057
MN,1994,,16007,54614,338492
MN,1995,,16974,57917,357908
MN,1996,,17157,58540,380564
MN,1997,,17073,58255,356853
MN,1998,,17378,59295,327862
MN,1999,,17998,61408,348857
MN,2000,,18629,63563,364813
MN,2001,,19400,66192,365434
MN,2002,,20451,69779,392408
MN,2003,,20638,70416,420864
MN,2004,,20507,69971,404292
MN,2005,,21743,74187,402021
MN,2006,,21909,74755,384229
MN,2007,,22646,77267,405047
MN,2008,,22357,76283,408068
MN,2009,,22034,75180,393067
MN,2010,,22465,76650,386629
MN,2011,,22524,76851,380318
MN,2012,,22060,75267,352318
MN,2013,,22850,77963,395128
MN,2014,,22791,77764,408321
MN,2015,,21714,74088,358038
MN,2016,,21804,74395,353541
MN,2017,,21574,73610,359716
MN,2018,,22837,77920,404987
MN,2019,,22288,76047,392885
MN,2020,,22936,78257,377689
MN,2021,,23246,79316,382661
MN,2022,,23418,79903,405386
MN,2023,,23023,78555,367380
MN,2024,,22063,75278,
MO,1960,,4223,14410,226389
MO,1961,,4447,15172,229461
MO,1962,,4813,16421,235443
MO,1963,,5198,17737,234772
MO,1964,,5622,19183,236272
MO,1965,,5977,20393,243576
MO,1966,,6521,22251,255543
MO,1967,,6878,23468,261208
MO,1968,,7925,27040,278704
MO,1969,,8836,30150,301700
MO,1970,,9672,33000,313140
MO,1971,,10435,35603,316363
MO,1972,,11176,38131,334446
MO,1973,,11931,40708,332873
MO,1974,,11830,40363,332270
MO,1975,,13654,46588,356131
MO,1976,,13302,45386,361328
MO,1977,,14535,49594,373624
MO,1978,,16108,54960,397720
MO,1979,,16369,55851,396427
MO,1980,,18648,63627,388820
MO,1981,,16437,56081,345789
MO,1982,,16708,57009,355947
MO,1983,,19003,64837,369249
MO,1984,,18490,63086,360819
MO,1985,,18483,63065,363318
MO,1986,,19468,66426,360937
MO,1987,,20312,69306,363425
MO,1988,,21348,72838,388285
MO,1989,,21057,71847,393256
MO,1990,,21652,73878,395014
MO,1991,,23386,79794,429195
MO,1992,,21294,72654,400871
MO,1993,,24182,82509,451525
MO,1994,,24057,82082,435743
MO,1995,,25409,86695,457707
MO,1996,,26448,90239,488689
MO,1997,,26595,90743,476078
MO,1998,,28265,96438,470046
MO,1999,,27766,94737,476973
MO,2000,,29581,100932,499068
MO,2001,,30168,102934,507721
MO,2002,,31684,108107,511543
MO,2003,,31422,107212,508579
MO,2004,,31351,106968,499636
MO,2005,,34412,117414,538882
MO,2006,,33880,115599,517439
MO,2007,,35872,122397,532171
MO,2008,,35390,120750,543200
MO,2009,,34221,116761,522284
MO,2010,,37302,127275,557291
MO,2011,,35941,122632,534438
MO,2012,,34337,117157,486841
MO,2013,,35318,120506,530935
MO,2014,,35793,122125,554267
MO,2015,,33912,115707,490005
MO,2016,,34355,117219,484634
MO,2017,,33051,112770,462228
MO,2018,,37463,127825,545573
MO,2019,,35691,121779,515182
MO,2020,,34950,119251,480439
MO,2021,,35668,121701,481201
MO,2022,,37245,127080,507439
MO,2023,,34965,119299,468840
MO,2024,,35227,120194,
MS,1960,,2089,7128,82484
MS,1961,,2152,7343,80193
MS,1962,,2635,8990,84662
MS,1963,,2941,10035,87639
MS,1964,,3309,11289,92463
MS,1965,,3705,12643,90938
MS,1966,,4128,14085,101216
MS,1967,,4504,15368,99567
MS,1968,,5331,18191,113698
MS,1969,,6013,20516,122519
MS,1970,,6880,23475,137957
MS,1971,,7416,25305,145919
MS,1972,,8349,28486,155781
MS,1973,,9386,32024,157852
MS,1974,,9094,31029,151744
MS,1975,,8091,27607,140674
MS,1976,,8233,28092,141961
MS,1977,,8979,30636,153715
MS,1978,,9362,31943,159134
MS,1979,,9103,31059,153991
MS,1980,,9964,33997,154794
MS,1981,,9611,32793,149204
MS,1982,,9677,33017,152254
MS,1983,,9659,32956,149535
MS,1984,,10124,34545,155814
MS,1985,,10447,35647,159157
MS,1986,,10868,37082,158800
MS,1987,,11129,37972,161129
MS,1988,,11415,38947,166864
MS,1989,,11516,39293,170601
MS,1990,,12266,41850,181113
MS,1991,,12518,42710,182337
MS,1992,,12422,42386,184206
MS,1993,,13200,45038,192772
MS,1994,,13642,46546,197762
MS,1995,,14181,48386,206016
MS,1996,,14965,51059,216059
MS,1997,,14817,50557,207417
MS,1998,,16392,55931,223766
MS,1999,,16321,55689,226778
MS,2000,,17193,58662,246012
MS,2001,,16856,57512,220722
MS,2002,,17844,60883,238018
MS,2003,,17670,60289,237831
MS,2004,,17580,59983,230335
MS,2005,,17953,61257,230910
MS,2006,,18276,62358,229386
MS,2007,,18566,63347,231684
MS,2008,,18294,62418,227522
MS,2009,,18095,61741,220730
MS,2010,,20175,68837,240291
MS,2011,,19336,65976,228371
MS,2012,,17993,61391,194273
MS,2013,,18462,62994,210681
MS,2014,,18922,64562,217703
MS,2015,,18561,63330,196642
MS,2016,,18459,62982,187713
MS,2017,,17444,59519,178117
MS,2018,,19311,65888,200446
MS,2019,,18718,63865,195833
MS,2020,,17995,61398,179061
MS,2021,,18570,63361,189687
MS,2022,,18918,64548,191828
MS,2023,,18544,63273,184344
MS,2024,,18593,63440,
MT,1960,,935,3191,35662
MT,1961,,982,3350,36745
MT,1962,,1041,3554,36786
MT,1963,,1077,3676,36295
MT,1964,,1139,3885,38852
MT,1965,,1216,4149,40131
MT,1966,,1261,4303,40745
MT,1967,,1291,4403,41058
MT,1968,,1373,4686,42437
MT,1969,,1462,4989,45134
MT,1970,,1534,5234,49207
MT,1971,,1633,5570,51548
MT,1972,,1757,5995,51977
MT,1973,,1812,6184,53327
MT,1974,,1873,6390,50858
MT,1975,,2143,7311,56962
MT,1976,,2261,7714,58221
MT,1977,,2440,8324,59103
MT,1978,,2754,9397,65826
MT,1979,,2957,10089,65857
MT,1980,,2916,9949,58675
MT,1981,,2906,9916,54834
MT,1982,,3178,10844,61596
MT,1983,,3097,10566,58828
MT,1984,,3375,11516,60502
MT,1985,,3614,12331,64756
MT,1986,,3214,10965,57455
MT,1987,,3139,10712,53348
MT,1988,,3301,11264,57169
MT,1989,,3456,11791,62087
MT,1990,,3358,11459,51762
MT,1991,,3459,11802,53541
MT,1992,,3286,11213,51974
MT,1993,,3598,12276,56640
MT,1994,,3567,12170,56050
MT,1995,,3640,12419,56319
MT,1996,,3911,13343,58193
MT,1997,,3804,12979,58088
MT,1998,,3722,12701,55896
MT,1999,,3664,12503,54008
MT,2000,,3908,13333,61055
MT,2001,,3886,13260,62167
MT,2002,,4031,13753,61989
MT,2003,,4120,14058,65951
MT,2004,,4053,13828,67184
MT,2005,,4221,14404,72278
MT,2006,,4394,14992,72007
MT,2007,,4542,15496,74844
MT,2008,,4669,15932,79387
MT,2009,,4790,16345,75794
MT,2010,,4743,16182,73498
MT,2011,,4913,16764,72147
MT,2012,,4778,16304,66698
MT,2013,,4926,16809,71991
MT,2014,,4969,16955,72782
MT,2015,,4825,16464,77170
MT,2016,,4853,16557,76041
MT,2017,,5225,17826,81018
MT,2018,,5198,17735,85367
MT,2019,,5308,18111,91841
MT,2020,,5380,18356,74637
MT,2021,,5559,18969,77254
MT,2022,,5894,20112,84794
MT,2023,,5756,19638,79999
MT,2024,,5700,19449,
NC,1960,,5796,19776,225676
NC,1961,,6344,21645,232885
NC,1962,,6682,22799,245127
NC,1963,,7269,24802,246364
NC,1964,,7864,26832,241239
NC,1965,,8601,29348,247234
NC,1966,,9541,32552,269151
NC,1967,,10337,35269,274310
NC,1968,,11759,40123,296531
NC,1969,,13198,45033,308323
NC,1970,,14660,50021,324047
NC,1971,,15787,53865,329621
NC,1972,,16578,56564,336170
NC,1973,,18480,63055,341775
NC,1974,,18591,63432,323924
NC,1975,,18999,64824,326125
NC,1976,,19987,68195,355639
NC,1977,,21851,74557,382917
NC,1978,,22648,77275,389087
NC,1979,,22614,77159,392507
NC,1980,,24377,83174,384357
NC,1981,,24928,85054,367425
NC,1982,,24007,81913,361332
NC,1983,,25237,86110,363113
NC,1984,,26930,91886,408400
NC,1985,,26852,91619,401894
NC,1986,,29506,100673,421337
NC,1987,,31507,107501,449335
NC,1988,,32212,109907,468955
NC,1989,,32784,111858,471561
NC,1990,,33144,113087,448572
NC,1991,,34391,117342,468784
NC,1992,,34761,118605,484232
NC,1993,,37742,128777,529227
NC,1994,,37207,126950,506404
NC,1995,,39506,134795,547783
NC,1996,,41592,141911,585390
NC,1997,,40611,138565,552273
NC,1998,,42890,146342,576761
NC,1999,,43648,148928,589154
NC,2000,,46537,158783,640967
NC,2001,,46201,157637,621695
NC,2002,,49854,170103,655006
NC,2003,,49349,168378,651575
NC,2004,,51717,176460,686947
NC,2005,,54073,184496,708033
NC,2006,,52851,180329,682922
NC,2007,,56095,191398,718536
NC,2008,,55751,190223,726159
NC,2009,,56311,192134,716813
NC,2010,,62160,212090,791783
NC,2011,,58056,198087,719137
NC,2012,,54672,186539,659230
NC,2013,,56251,191929,668315
NC,2014,,58650,200114,701612
NC,2015,,57902,197560,669478
NC,2016,,58457,199455,664060
NC,2017,,56134,191529,620593
NC,2018,,61622,210256,685740
NC,2019,,59853,204218,656903
NC,2020,,58642,200085,621419
NC,2021,,60915,207841,658436
NC,2022,,62444,213059,674309
NC,2023,,58738,200412,625015
NC,2024,,61745,210674,
ND,1960,,728,2483,29951
ND,1961,,710,2424,29486
ND,1962,,755,2576,31037
ND,1963,,800,2730,31255
ND,1964,,847,2890,31102
ND,1965,,911,3110,29360
ND,1966,,1087,3707,33036
ND,1967,,1131,3860,32958
ND,1968,,1214,4141,34988
ND,1969,,1294,4414,36101
ND,1970,,1399,4775,36914
ND,1971,,1472,5021,36272
ND,1972,,1598,5454,39977
ND,1973,,1623,5537,35935
ND,1974,,1739,5933,38148
ND,1975,,1901,6485,40109
ND,1976,,2050,6995,41421
ND,1977,,2148,7330,41661
ND,1978,,2399,8185,47253
ND,1979,,2516,8585,51530
ND,1980,,2456,8380,47839
ND,1981,,2651,9044,48348
ND,1982,,2900,9894,51279
ND,1983,,2702,9218,47996
ND,1984,,2953,10076,47751
ND,1985,,3012,10275,51302
ND,1986,,2954,10079,49687
ND,1987,,2788,9512,45422
ND,1988,,3050,10407,50802
ND,1989,,3060,10442,52744
ND,1990,,2954,10079,50716
ND,1991,,3096,10564,54190
ND,1992,,3020,10304,50953
ND,1993,,3209,10949,53404
ND,1994,,3243,11065,52501
ND,1995,,3384,11545,54854
ND,1996,,3602,12289,59426
ND,1997,,3437,11727,58079
ND,1998,,3272,11164,53817
ND,1999,,3307,11282,55506
ND,2000,,3390,11567,58297
ND,2001,,3480,11873,59985
ND,2002,,3664,12501,61551
ND,2003,,3707,12650,62979
ND,2004,,3663,12497,62380
ND,2005,,3796,12952,60513
ND,2006,,3853,13147,58692
ND,2007,,4067,13878,62500
ND,2008,,4259,14532,66893
ND,2009,,4449,15181,64841
ND,2010,,4393,14988,60700
ND,2011,,4552,15532,61873
ND,2012,,4485,15302,58302
ND,2013,,5039,17193,67156
ND,2014,,5358,18280,70638
ND,2015,,4863,16591,63407
ND,2016,,4741,16177,60618
ND,2017,,4848,16542,59822
ND,2018,,5133,17514,66032
ND,2019,,5125,17488,68820
ND,2020,,5047,17219,57215
ND,2021,,4888,16679,59761
ND,2022,,5272,17988,64001
ND,2023,,5067,17289,64016
ND,2024,,4911,16755,
NE,1960,,1907,6508,75583
NE,1961,,2082,7104,77419
NE,1962,,2221,7579,82487
NE,1963,,2442,8331,81160
NE,1964,,2607,8897,85549
NE,1965,,2816,9607,91691
NE,1966,,2850,9725,97810
NE,1967,,2816,9608,97624
NE,1968,,3099,10575,103669
NE,1969,,3682,12562,113354
NE,1970,,4107,14014,122524
NE,1971,,4308,14701,123471
NE,1972,,4081,13926,125627
NE,1973,,4436,15136,117327
NE,1974,,4512,15396,114066
NE,1975,,4693,16014,119875
NE,1976,,4722,16112,122892
NE,1977,,4859,16579,121957
NE,1978,,5347,18244,122103
NE,1979,,5263,17957,119714
NE,1980,,5521,18838,120712
NE,1981,,5601,19112,114475
NE,1982,,5845,19943,125841
NE,1983,,6438,21968,126865
NE,1984,,6268,21386,122532
NE,1985,,6195,21136,122665
NE,1986,,6325,21580,117623
NE,1987,,6378,21763,114675
NE,1988,,6813,23247,124890
NE,1989,,6723,22941,127037
NE,1990,,6800,23200,127649
NE,1991,,7138,24356,135384
NE,1992,,6561,22388,126022
NE,1993,,7226,24655,140245
NE,1994,,7379,25179,137800
NE,1995,,7597,25920,140228
NE,1996,,7741,26412,148277
NE,1997,,7989,27257,146608
NE,1998,,8160,27843,143515
NE,1999,,7929,27055,140468
NE,2000,,8346,28477,149201
NE,2001,,8638,29474,155797
NE,2002,,8956,30558,157010
NE,2003,,8852,30204,153895
NE,2004,,8757,29878,149532
NE,2005,,9309,31763,154986
NE,2006,,9294,31709,151009
NE,2007,,9748,33259,158502
NE,2008,,9756,33286,164053
NE,2009,,9627,32847,157146
NE,2010,,10107,34484,160470
NE,2011,,9947,33939,155956
NE,2012,,9680,33029,142280
NE,2013,,10062,34332,158332
NE,2014,,10028,34216,157086
NE,2015,,9532,32524,141298
NE,2016,,9738,33227,140748
NE,2017,,9668,32987,135025
NE,2018,,10412,35526,156018
NE,2019,,10308,35171,155462
NE,2020,,10515,35877,142671
NE,2021,,10492,35800,142014
NE,2022,,10984,37476,143364
NE,2023,,10671,36408,137503
NE,2024,,10391,35454,
NH,1960,,619,2113,39103
NH,1961,,662,2257,44715
NH,1962,,708,2415,47195
NH,1963,,751,2561,49866
NH,1964,,802,2736,46343
NH,1965,,868,2961,47743
NH,1966,,931,3178,47104
NH,1967,,1051,3587,51692
NH,1968,,1168,3984,55805
NH,1969,,1308,4462,60000
NH,1970,,1476,5037,62564
NH,1971,,1666,5686,66671
NH,1972,,1910,6516,71073
NH,1973,,2065,7046,71487
NH,1974,,2118,7227,68811
NH,1975,,2148,7328,67032
NH,1976,,2321,7920,78593
NH,1977,,2345,8003,77025
NH,1978,,2421,8260,79327
NH,1979,,2464,8407,64697
NH,1980,,2478,8455,62145
NH,1981,,2481,8466,60470
NH,1982,,2460,8395,58185
NH,1983,,2514,8576,58878
NH,1984,,2758,9409,63807
NH,1985,,2851,9726,68125
NH,1986,,3075,10490,67591
NH,1987,,3261,11128,75061
NH,1988,,3464,11818,77093
NH,1989,,3542,12086,83191
NH,1990,,3444,11752,75552
NH,1991,,3357,11453,74121
NH,1992,,3428,11697,76398
NH,1993,,3420,11670,76843
NH,1994,,3431,11705,76843
NH,1995,,3364,11479,78072
NH,1996,,3429,11700,80823
NH,1997,,3389,11562,78822
NH,1998,,3401,11603,77301
NH,1999,,3640,12420,80289
NH,2000,,3656,12475,82465
NH,2001,,3789,12929,83669
NH,2002,,4003,13657,84264
NH,2003,,4252,14507,93195
NH,2004,,4282,14609,93801
NH,2005,,4495,15338,92008
NH,2006,,4401,15015,86710
NH,2007,,4493,15330,88458
NH,2008,,4394,14992,85615
NH,2009,,4422,15086,88238
NH,2010,,4485,15304,86319
NH,2011,,4454,15197,85211
NH,2012,,4439,15147,79084
NH,2013,,4554,15538,89337
NH,2014,,4510,15390,94987
NH,2015,,4527,15446,98711
NH,2016,,4438,15144,91951
NH,2017,,4441,15154,96750
NH,2018,,4641,15835,104101
NH,2019,,4507,15377,102110
NH,2020,,4790,16345,95168
NH,2021,,4832,16486,91458
NH,2022,,4808,16406,94504
NH,2023,,4655,15883,90690
NH,2024,,4847,16539,
NJ,1960,,5080,17332,302058
NJ,1961,,5617,19164,324372
NJ,1962,,5844,19939,338195
NJ,1963,,6286,21449,359430
NJ,1964,,6815,23253,366594
NJ,1965,,7410,25283,382135
NJ,1966,,8224,28061,399924
NJ,1967,,8960,30570,426200
NJ,1968,,9933,33890,445250
NJ,1969,,10948,37354,468643
NJ,1970,,12131,41392,481146
NJ,1971,,12855,43862,489333
NJ,1972,,13566,46289,519155
NJ,1973,,14836,50619,520089
NJ,1974,,14305,48808,487022
NJ,1975,,14495,49458,479733
NJ,1976,,15003,51192,513367
NJ,1977,,15393,52520,500929
NJ,1978,,15691,53538,497421
NJ,1979,,15797,53899,443042
NJ,1980,,16329,55715,487470
NJ,1981,,16026,54681,491310
NJ,1982,,15759,53769,463290
NJ,1983,,16869,57558,460866
NJ,1984,,17157,58540,477021
NJ,1985,,17177,58608,482898
NJ,1986,,18089,61719,487752
NJ,1987,,19308,65880,512213
NJ,1988,,20656,70480,543517
NJ,1989,,20695,70610,550261
NJ,1990,,20498,69939,512187
NJ,1991,,21539,73491,521279
NJ,1992,,20547,70106,531585
NJ,1993,,22042,75207,542762
NJ,1994,,22154,75588,576306
NJ,1995,,22470,76667,547624
NJ,1996,,22632,77221,569892
NJ,1997,,22286,76041,550146
NJ,1998,,23191,79127,532411
NJ,1999,,24551,83767,567201
NJ,2000,,24547,83756,582731
NJ,2001,,25491,86977,575601
NJ,2002,,27171,92709,591176
NJ,2003,,27367,93377,639805
NJ,2004,,28020,95605,634057
NJ,2005,,29973,102269,636062
NJ,2006,,28622,97657,573535
NJ,2007,,29752,101513,614709
NJ,2008,,29111,99327,598698
NJ,2009,,27833,94966,586415
NJ,2010,,30307,103408,593651
NJ,2011,,29399,100309,569610
NJ,2012,,28663,97798,533050
NJ,2013,,28545,97394,575928
NJ,2014,,27893,95169,589410
NJ,2015,,29142,99433,576645
NJ,2016,,29091,99258,533177
NJ,2017,,27762,94724,528977
NJ,2018,,29531,100759,577024
NJ,2019,,28613,97626,552809
NJ,2020,,29677,101257,547555
NJ,2021,,30090,102668,567311
NJ,2022,,30062,102572,573079
NJ,2023,,28415,96952,531820
NJ,2024,,29693,101312,
NM,1960,,872,2975,41736
NM,1961,,930,3173,45091
NM,1962,,1013,3456,45857
NM,1963,,1125,3839,49699
NM,1964,,1249,4261,49441
NM,1965,,988,3373,47326
NM,1966,,1071,3653,53163
NM,1967,,1127,3846,55882
NM,1968,,1233,4206,58257
NM,1969,,1351,4608,56681
NM,1970,,1475,5032,60226
NM,1971,,1629,5559,62633
NM,1972,,1775,6057,67297
NM,1973,,1956,6673,55742
NM,1974,,2044,6973,57620
NM,1975,,1957,6676,59253
NM,1976,,2053,7003,69960
NM,1977,,2154,7350,61238
NM,1978,,2249,7674,61615
NM,1979,,2397,8179,67267
NM,1980,,2453,8370,65444
NM,1981,,2355,8036,59656
NM,1982,,2419,8253,63598
NM,1983,,2569,8766,66500
NM,1984,,3039,10370,68663
NM,1985,,3098,10572,70224
NM,1986,,3144,10726,67674
NM,1987,,3306,11281,70321
NM,1988,,3394,11579,71479
NM,1989,,3463,11815,72656
NM,1990,,3566,12166,79454
NM,1991,,3665,12505,80834
NM,1992,,3791,12936,82908
NM,1993,,3884,13253,83277
NM,1994,,4080,13920,82023
NM,1995,,4124,14071,81893
NM,1996,,4328,14769,90246
NM,1997,,4502,15361,96001
NM,1998,,4642,15838,96269
NM,1999,,4649,15863,98499
NM,2000,,4937,16845,100927
NM,2001,,4999,17058,103384
NM,2002,,5238,17873,104043
NM,2003,,5418,18486,103430
NM,2004,,5635,19226,107616
NM,2005,,5865,20011,115423
NM,2006,,6009,20504,111925
NM,2007,,6387,21794,117901
NM,2008,,6379,21765,117676
NM,2009,,6504,22191,113248
NM,2010,,6752,23039,117620
NM,2011,,6874,23453,117637
NM,2012,,6764,23078,112180
NM,2013,,6804,23215,119297
NM,2014,,6612,22560,112441
NM,2015,,6642,22662,113570
NM,2016,,6643,22664,111538
NM,2017,,6497,22168,104114
NM,2018,,6826,23292,109825
NM,2019,,6872,23446,121842
NM,2020,,7282,24846,109372
NM,2021,,7088,24185,103050
NM,2022,,7283,24848,104048
NM,2023,,7336,25031,100235
NM,2024,,7348,25070,
NV,1960,,719,2453,12914
NV,1961,,797,2719,13693
NV,1962,,939,3204,15032
NV,1963,,1199,4090,19350
NV,1964,,1484,5065,24067
NV,1965,,1268,4328,22373
NV,1966,,1421,4849,24948
NV,1967,,1508,5145,25210
NV,1968,,1603,5468,26631
NV,1969,,1855,6329,30099
NV,1970,,1990,6788,34330
NV,1971,,2251,7679,38060
NV,1972,,2444,8339,40549
NV,1973,,2739,9346,43219
NV,1974,,2800,9555,43114
NV,1975,,2803,9565,44748
NV,1976,,2797,9543,44578
NV,1977,,2922,9972,47571
NV,1978,,3369,11495,52729
NV,1979,,3767,12853,57233
NV,1980,,3697,12614,58458
NV,1981,,3501,11946,56995
NV,1982,,3782,12905,62701
NV,1983,,3662,12493,57181
NV,1984,,4055,13837,61602
NV,1985,,4126,14077,64474
NV,1986,,4097,13979,62143
NV,1987,,4537,15479,66037
NV,1988,,4968,16951,72472
NV,1989,,5169,17636,78392
NV,1990,,5540,18901,85004
NV,1991,,5782,19728,87862
NV,1992,,6064,20692,89876
NV,1993,,6281,21430,94627
NV,1994,,6845,23354,104567
NV,1995,,6655,22707,99610
NV,1996,,7526,25680,113145
NV,1997,,7801,26618,115765
NV,1998,,7975,27210,120013
NV,1999,,8386,28612,124473
NV,2000,,9406,32094,135162
NV,2001,,9607,32779,139134
NV,2002,,9702,33104,135257
NV,2003,,10340,35280,145314
NV,2004,,10673,36415,150471
NV,2005,,11080,37804,151706
NV,2006,,11978,40869,159316
NV,2007,,12390,42275,157732
NV,2008,,12061,41150,153425
NV,2009,,11880,40535,145380
NV,2010,,11615,39629,144638
NV,2011,,11493,39215,143868
NV,2012,,12123,41363,140774
NV,2013,,12142,41430,145857
NV,2014,,11917,40659,137215
NV,2015,,12339,42099,136667
NV,2016,,12692,43305,139796
NV,2017,,12937,44140,143327
NV,2018,,13450,45891,148961
NV,2019,,12868,43904,150980
NV,2020,,14322,48865,158230
NV,2021,,14373,49042,156675
NV,2022,,14307,48814,157633
NV,2023,,13509,46092,153207
NV,2024,,14631,49923,
NY,1960,,12496,42636,708450
NY,1961,,13512,46101,754905
NY,1962,,14032,47879,800332
NY,1963,,14938,50970,814905
NY,1964,,15905,54267,821647
NY,1965,,17027,58097,873885
NY,1966,,18316,62494,910867
NY,1967,,19602,66883,921984
NY,1968,,21394,72997,963656
NY,1969,,23255,79345,995658
NY,1970,,25492,86980,1041322
NY,1971,,26691,91070,1052958
NY,1972,,27787,94810,1089941
NY,1973,,29508,100681,1084372
NY,1974,,28193,96193,1035335
NY,1975,,28710,97960,1013220
NY,1976,,29462,100525,1081036
NY,1977,,29780,101609,1075650
NY,1978,,29942,102162,1084186
NY,1979,,30204,103056,960325
NY,1980,,30583,104349,985435
NY,1981,,30702,104754,977959
NY,1982,,30626,104497,953448
NY,1983,,31803,108512,949405
NY,1984,,32836,112036,984561
NY,1985,,32757,111768,973488
NY,1986,,33771,115227,1003575
NY,1987,,35294,120424,1039041
NY,1988,,37460,127815,1098964
NY,1989,,37878,129241,1093732
NY,1990,,38574,131616,986030
NY,1991,,39177,133673,978147
NY,1992,,38720,132111,1033195
NY,1993,,39897,136130,1039369
NY,1994,,40105,136838,1021470
NY,1995,,39887,136096,1007021
NY,1996,,40285,137451,1051887
NY,1997,,40059,136682,1053808
NY,1998,,40563,138402,1002771
NY,1999,,42919,146440,1096872
NY,2000,,43018,146776,1163405
NY,2001,,44236,150932,1121512
NY,2002,,46457,158511,1106582
NY,2003,,47116,160759,1182056
NY,2004,,47379,161657,1175085
NY,2005,,50533,172418,1202268
NY,2006,,48427,165232,1048335
NY,2007,,50241,171424,1123968
NY,2008,,49034,167304,1089292
NY,2009,,48246,164615,1011210
NY,2010,,50946,173827,1025101
NY,2011,,51240,174830,999247
NY,2012,,50692,172959,957700
NY,2013,,50777,173252,1006774
NY,2014,,49975,170514,1056236
NY,2015,,51013,174055,1073188
NY,2016,,50831,173436,987089
NY,2017,,49081,167464,979455
NY,2018,,52153,177947,1098561
NY,2019,,50141,171081,1063470
NY,2020,,52257,178301,990167
NY,2021,,52157,177959,1020595
NY,2022,,52227,178200,1027519
NY,2023,,50113,170986,981147
NY,2024,,50857,173525,
OH,1960,,10786,36803,612741
OH,1961,,11374,38807,618859
OH,1962,,11999,40941,647127
OH,1963,,12549,42818,659856
OH,1964,,13525,46148,658820
OH,1965,,14504,49487,693690
OH,1966,,15740,53705,738751
OH,1967,,16791,57291,755333
OH,1968,,18453,62961,775570
OH,1969,,20382,69542,806145
OH,1970,,22266,75971,827322
OH,1971,,23606,80544,834070
OH,1972,,25269,86218,872790
OH,1973,,27227,92899,854330
OH,1974,,27859,95056,857469
OH,1975,,27890,95161,847323
OH,1976,,28725,98010,896881
OH,1977,,30679,104676,893650
OH,1978,,31466,107362,916928
OH,1979,,31899,108839,828594
OH,1980,,33459,114162,835645
OH,1981,,32863,112127,803472
OH,1982,,32798,111907,787142
OH,1983,,33418,114023,751369
OH,1984,,34090,116314,783095
OH,1985,,33945,115819,781434
OH,1986,,35220,120172,797525
OH,1987,,36711,125259,817298
OH,1988,,38713,132089,871151
OH,1989,,38792,132359,890792
OH,1990,,37889,129279,830504
OH,1991,,40942,139696,880690
OH,1992,,39141,133548,877714
OH,1993,,41950,143135,914095
OH,1994,,41791,142592,896329
OH,1995,,44010,150163,936977
OH,1996,,44573,152084,960119
OH,1997,,43635,148882,918759
OH,1998,,44516,151889,864613
OH,1999,,46629,159096,927587
OH,2000,,46488,158618,945913
OH,2001,,47346,161545,900901
OH,2002,,50864,173547,950940
OH,2003,,49621,169305,969963
OH,2004,,50300,171624,964465
OH,2005,,53904,183921,1001778
OH,2006,,51375,175292,906816
OH,2007,,54376,185530,965166
OH,2008,,53411,182237,962625
OH,2009,,51405,175394,926273
OH,2010,,54474,185867,950625
OH,2011,,53687,183180,930135
OH,2012,,52288,178406,850834
OH,2013,,52158,177963,902420
OH,2014,,52804,180168,939193
OH,2015,,51493,175694,877536
OH,2016,,52524,179212,852228
OH,2017,,49796,169902,818547
OH,2018,,54452,185789,901435
OH,2019,,52226,178195,855385
OH,2020,,52553,179310,830876
OH,2021,,53171,181420,835957
OH,2022,,53312,181901,855782
OH,2023,,49714,169623,764262
OH,2024,,52174,178019,
OK,1960,,2372,8093,111298
OK,1961,,2472,8434,114824
OK,1962,,2942,10039,120825
OK,1963,,3462,11813,126776
OK,1964,,3761,12832,132469
OK,1965,,4086,13941,132868
OK,1966,,4441,15154,139692
OK,1967,,4563,15567,140549
OK,1968,,5360,18288,157692
OK,1969,,6397,21827,169968
OK,1970,,7293,24884,184409
OK,1971,,7776,26533,185362
OK,1972,,9161,31257,202602
OK,1973,,9659,32957,202255
OK,1974,,10188,34761,207012
OK,1975,,9222,31466,203776
OK,1976,,9303,31740,208637
OK,1977,,10304,35158,228956
OK,1978,,11053,37713,235511
OK,1979,,10635,36287,219519
OK,1980,,12309,41998,217984
OK,1981,,13351,45554,222957
OK,1982,,14138,48239,241774
OK,1983,,14644,49966,246881
OK,1984,,14259,48651,240188
OK,1985,,14400,49132,240567
OK,1986,,13903,47437,220524
OK,1987,,14085,48058,221603
OK,1988,,14475,49388,236273
OK,1989,,14083,48050,234192
OK,1990,,17077,58268,263316
OK,1991,,15325,52289,247707
OK,1992,,14254,48634,229497
OK,1993,,15901,54255,260579
OK,1994,,16128,55028,258134
OK,1995,,16319,55681,257313
OK,1996,,17303,59037,282282
OK,1997,,17376,59286,272847
OK,1998,,19511,66571,288996
OK,1999,,18301,62443,274862
OK,2000,,19640,67012,301129
OK,2001,,19796,67543,296878
OK,2002,,19927,67992,300690
OK,2003,,20162,68793,295966
OK,2004,,19699,67213,280459
OK,2005,,21309,72707,291141
OK,2006,,21690,74008,288722
OK,2007,,21361,72882,288229
OK,2008,,21861,74590,293897
OK,2009,,21641,73839,286346
OK,2010,,23689,80826,312950
OK,2011,,24425,83338,309189
OK,2012,,22810,77827,272415
OK,2013,,23200,79158,294936
OK,2014,,23351,79674,295936
OK,2015,,22616,77165,262504
OK,2016,,22790,77759,242446
OK,2017,,21838,74510,226568
OK,2018,,24117,82287,258282
OK,2019,,23806,81226,246640
OK,2020,,23232,79269,233584
OK,2021,,23746,81021,241965
OK,2022,,25479,86935,249118
OK,2023,,23818,81265,232095
OK,2024,,24328,83008,
OR,1960,,5263,17956,100172
OR,1961,,5510,18800,101222
OR,1962,,5941,20272,105571
OR,1963,,6341,21635,112129
OR,1964,,7002,23890,123068
OR,1965,,7169,24462,121327
OR,1966,,7595,25913,126893
OR,1967,,8020,27364,128764
OR,1968,,8591,29312,136851
OR,1969,,9479,32342,151198
OR,1970,,9850,33610,153760
OR,1971,,10835,36969,165595
OR,1972,,11303,38566,172017
OR,1973,,11694,39901,172614
OR,1974,,11809,40293,170608
OR,1975,,12096,41273,180581
OR,1976,,12152,41461,177388
OR,1977,,12377,42230,176161
OR,1978,,12779,43602,186918
OR,1979,,13749,46912,199325
OR,1980,,13545,46216,183766
OR,1981,,13182,44977,181424
OR,1982,,13825,47172,185007
OR,1983,,13116,44751,174371
OR,1984,,14050,47937,187581
OR,1985,,14526,49563,198259
OR,1986,,13722,46820,182221
OR,1987,,13711,46781,181533
OR,1988,,14338,48923,193583
OR,1989,,15085,51469,208089
OR,1990,,15380,52475,121812
OR,1991,,15949,54418,122762
OR,1992,,15202,51870,137646
OR,1993,,16696,56968,149944
OR,1994,,16462,56169,160244
OR,1995,,16315,55666,135377
OR,1996,,17285,58975,133039
OR,1997,,17185,58634,129067
OR,1998,,17529,59808,142324
OR,1999,,18058,61613,146811
OR,2000,,18212,62139,164589
OR,2001,,17503,59720,174649
OR,2002,,17554,59894,156860
OR,2003,,17736,60514,161053
OR,2004,,18001,61418,154845
OR,2005,,18339,62572,163566
OR,2006,,18978,64751,154303
OR,2007,,19374,66106,165808
OR,2008,,19910,67932,171636
OR,2009,,19804,67572,172724
OR,2010,,18839,64278,165768
OR,2011,,19429,66292,161228
OR,2012,,18855,64332,153577
OR,2013,,19329,65949,169960
OR,2014,,18618,63523,159009
OR,2015,,18269,62334,158417
OR,2016,,18573,63372,160863
OR,2017,,20066,68465,176731
OR,2018,,18931,64591,170090
OR,2019,,19286,65804,187173
OR,2020,,19628,66971,164412
OR,2021,,20285,69214,171910
OR,2022,,20726,70717,177155
OR,2023,,20445,69757,177795
OR,2024,,19768,67448,
PA,1960,,11094,37851,675543
PA,1961,,11779,40191,671278
PA,1962,,12291,41938,687218
PA,1963,,12950,44185,692909
PA,1964,,13737,46870,687301
PA,1965,,14807,50520,699410
PA,1966,,16059,54792,720643
PA,1967,,17419,59434,741746
PA,1968,,19254,65696,769803
PA,1969,,21037,71778,789515
PA,1970,,23007,78500,821636
PA,1971,,24297,82901,835036
PA,1972,,25705,87706,856815
PA,1973,,27423,93566,854428
PA,1974,,27343,93296,804175
PA,1975,,27678,94436,802481
PA,1976,,28850,98436,859434
PA,1977,,30203,103053,870914
PA,1978,,30767,104977,878201
PA,1979,,31410,107171,883073
PA,1980,,31767,108389,874096
PA,1981,,31714,108208,848436
PA,1982,,31467,107364,804600
PA,1983,,32334,110323,799317
PA,1984,,33132,113045,836139
PA,1985,,32686,111526,812094
PA,1986,,34241,116829,811317
PA,1987,,35761,122016,821446
PA,1988,,37828,129069,875803
PA,1989,,38141,130136,900487
PA,1990,,38164,130216,831257
PA,1991,,39598,135107,853685
PA,1992,,39245,133904,872745
PA,1993,,41455,141446,910165
PA,1994,,42239,144119,915462
PA,1995,,42802,146040,914404
PA,1996,,43645,148915,945629
PA,1997,,42785,145982,895890
PA,1998,,42923,146452,833341
PA,1999,,44126,150559,893509
PA,2000,,45008,153567,946670
PA,2001,,46030,157054,914231
PA,2002,,48730,166267,946266
PA,2003,,49651,169409,991918
PA,2004,,50663,172863,984762
PA,2005,,53661,183093,999573
PA,2006,,51790,176708,909289
PA,2007,,54587,186250,960513
PA,2008,,54060,184452,1009562
PA,2009,,52906,180515,915492
PA,2010,,55253,188523,940386
PA,2011,,54796,186963,917514
PA,2012,,52876,180413,857063
PA,2013,,54252,185107,923116
PA,2014,,54195,184914,960047
PA,2015,,54419,185676,938119
PA,2016,,53877,183829,887561
PA,2017,,51724,176484,859624
PA,2018,,55896,190719,952753
PA,2019,,54396,185600,881339
PA,2020,,55307,188708,836772
PA,2021,,55945,190885,860653
PA,2022,,56413,192482,887686
PA,2023,,52328,178542,800251
PA,2024,,54273,185178,
RI,1960,,620,2115,51571
RI,1961,,669,2282,51301
RI,1962,,708,2415,51217
RI,1963,,757,2582,51812
RI,1964,,809,2762,46223
RI,1965,,871,2973,50810
RI,1966,,947,3231,49998
RI,1967,,1043,3557,53837
RI,1968,,1155,3941,56887
RI,1969,,1259,4294,61936
RI,1970,,1390,4742,64283
RI,1971,,1507,5143,67262
RI,1972,,1605,5475,70827
RI,1973,,1722,5876,67281
RI,1974,,1668,5691,64583
RI,1975,,1684,5747,64370
RI,1976,,1821,6214,68328
RI,1977,,1776,6061,68912
RI,1978,,1803,6152,67380
RI,1979,,1809,6172,64194
RI,1980,,1840,6278,60723
RI,1981,,1817,6201,55488
RI,1982,,1832,6251,55388
RI,1983,,1913,6526,58499
RI,1984,,1957,6676,61191
RI,1985,,1971,6724,64615
RI,1986,,2064,7041,63149
RI,1987,,2186,7458,65459
RI,1988,,2319,7913,70689
RI,1989,,2370,8087,68821
RI,1990,,2376,8108,67897
RI,1991,,2369,8082,64703
RI,1992,,2363,8064,69098
RI,1993,,2412,8229,67217
RI,1994,,2457,8382,67643
RI,1995,,2472,8433,64829
RI,1996,,2481,8464,66864
RI,1997,,2486,8484,63722
RI,1998,,2522,8605,59679
RI,1999,,2667,9101,61804
RI,2000,,2664,9091,65372
RI,2001,,2699,9209,65563
RI,2002,,2829,9652,66147
RI,2003,,2998,10230,74957
RI,2004,,3000,10237,74687
RI,2005,,3171,10821,71424
RI,2006,,3008,10265,62793
RI,2007,,3132,10686,63745
RI,2008,,3043,10382,60854
RI,2009,,2937,10020,61288
RI,2010,,3118,10638,61998
RI,2011,,3129,10678,59964
RI,2012,,3121,10650,59631
RI,2013,,3165,10798,65137
RI,2014,,3070,10476,65388
RI,2015,,3136,10698,67577
RI,2016,,3082,10514,57414
RI,2017,,3028,10332,55810
RI,2018,,3124,10660,63731
RI,2019,,2983,10178,59935
RI,2020,,3148,10741,57437
RI,2021,,3132,10685,61292
RI,2022,,3168,10810,62004
RI,2023,,2995,10219,59500
RI,2024,,3111,10616,
SC,1960,,3272,11164,102837
SC,1961,,3425,11687,102746
SC,1962,,3785,12915,109276
SC,1963,,4081,13923,108766
SC,1964,,4476,15274,108686
SC,1965,,4371,14914,102876
SC,1966,,4625,15779,109913
SC,1967,,4986,17013,113682
SC,1968,,5847,19949,125370
SC,1969,,6510,22212,132344
SC,1970,,7347,25069,139709
SC,1971,,7841,26754,145516
SC,1972,,8234,28093,148290
SC,1973,,9299,31727,158286
SC,1974,,9351,31907,150745
SC,1975,,9837,33564,152323
SC,1976,,10360,35348,179421
SC,1977,,11310,38590,191244
SC,1978,,11714,39968,186552
SC,1979,,11419,38962,171284
SC,1980,,12580,42923,187053
SC,1981,,13067,44585,183122
SC,1982,,13493,46038,187726
SC,1983,,13819,47149,187461
SC,1984,,14568,49707,202321
SC,1985,,14661,50023,203504
SC,1986,,16122,55009,214819
SC,1987,,16913,57706,226650
SC,1988,,17172,58590,231504
SC,1989,,17464,59587,237723
SC,1990,,18258,62295,238892
SC,1991,,18707,63827,246137
SC,1992,,18940,64622,248337
SC,1993,,20687,70584,275166
SC,1994,,19903,67909,261691
SC,1995,,21392,72990,282046
SC,1996,,22514,76816,299802
SC,1997,,21611,73738,284199
SC,1998,,23558,80380,302227
SC,1999,,23699,80860,309525
SC,2000,,25270,86222,329890
SC,2001,,24875,84872,319258
SC,2002,,26787,91396,334991
SC,2003,,26422,90151,333253
SC,2004,,27910,95228,354817
SC,2005,,28676,97842,356554
SC,2006,,28539,97375,351544
SC,2007,,29569,100890,359331
SC,2008,,29727,101429,365353
SC,2009,,29556,100846,355918
SC,2010,,32852,112091,398269
SC,2011,,30802,105096,366891
SC,2012,,28366,96786,337191
SC,2013,,28813,98308,344967
SC,2014,,30716,104803,371489
SC,2015,,30059,102562,358997
SC,2016,,30616,104460,363929
SC,2017,,29225,99716,347631
SC,2018,,31852,108680,372163
SC,2019,,31160,106318,358891
SC,2020,,30826,105178,348165
SC,2021,,31386,107088,362389
SC,2022,,32287,110163,374952
SC,2023,,30898,105425,352679
SC,2024,,32545,111043,
SD,1960,,847,2891,31741
SD,1961,,949,3237,32388
SD,1962,,1026,3502,34007
SD,1963,,1088,3712,33979
SD,1964,,1136,3877,35598
SD,1965,,1183,4036,35087
SD,1966,,1239,4227,34989
SD,1967,,1258,4294,34299
SD,1968,,1354,4621,37635
SD,1969,,1466,5003,40859
SD,1970,,1586,5411,43460
SD,1971,,1665,5682,42091
SD,1972,,1806,6162,45859
SD,1973,,1843,6289,42779
SD,1974,,1914,6529,42469
SD,1975,,2068,7055,45177
SD,1976,,2139,7297,48116
SD,1977,,2198,7501,48645
SD,1978,,2493,8506,52862
SD,1979,,2656,9062,50729
SD,1980,,2623,8950,50048
SD,1981,,2503,8542,46271
SD,1982,,2616,8925,50399
SD,1983,,2769,9449,49852
SD,1984,,2766,9436,49179
SD,1985,,2769,9447,50752
SD,1986,,2754,9397,51353
SD,1987,,2680,9146,49760
SD,1988,,2913,9940,52943
SD,1989,,2923,9973,56524
SD,1990,,2866,9779,47638
SD,1991,,3040,10372,47727
SD,1992,,2843,9699,43578
SD,1993,,3109,10608,52795
SD,1994,,3147,10738,44228
SD,1995,,3268,11151,44248
SD,1996,,3426,11690,47213
SD,1997,,3376,11520,44193
SD,1998,,3303,11271,43405
SD,1999,,3302,11267,41973
SD,2000,,3423,11680,46738
SD,2001,,3580,12216,53037
SD,2002,,3733,12737,52649
SD,2003,,3740,12760,53726
SD,2004,,3696,12610,53464
SD,2005,,3973,13556,57088
SD,2006,,4051,13822,55445
SD,2007,,4261,14537,59215
SD,2008,,4406,15032,63664
SD,2009,,4511,15393,59024
SD,2010,,4628,15791,54153
SD,2011,,4646,15853,47926
SD,2012,,4454,15196,45667
SD,2013,,4824,16460,56204
SD,2014,,4827,16471,53969
SD,2015,,4571,15597,49224
SD,2016,,4619,15759,47140
SD,2017,,4653,15876,48137
SD,2018,,5018,17123,52873
SD,2019,,5057,17255,52605
SD,2020,,5070,17299,46335
SD,2021,,5044,17210,44413
SD,2022,,5323,18162,49302
SD,2023,,5246,17899,47294
SD,2024,,5170,17640,
TN,1960,,8683,29627,171812
TN,1961,,8939,30501,169214
TN,1962,,9969,34014,180904
TN,1963,,10618,36227,193994
TN,1964,,11545,39391,193022
TN,1965,,12134,41401,199678
TN,1966,,13243,45184,218688
TN,1967,,13330,45483,220830
TN,1968,,15336,52326,246933
TN,1969,,16948,57826,266086
TN,1970,,17942,61217,278422
TN,1971,,18192,62073,279023
TN,1972,,19101,65173,291727
TN,1973,,20396,69592,297611
TN,1974,,19802,67563,286426
TN,1975,,23034,78593,322415
TN,1976,,23622,80598,335244
TN,1977,,26486,90370,373399
TN,1978,,25980,88644,364175
TN,1979,,25103,85651,356098
TN,1980,,26207,89418,356199
TN,1981,,24631,84042,335178
TN,1982,,24639,84067,340372
TN,1983,,24758,84474,333707
TN,1984,,26236,89519,357190
TN,1985,,25546,87164,350602
TN,1986,,25884,88317,344703
TN,1987,,27460,93693,361203
TN,1988,,27960,95398,378357
TN,1989,,28355,96748,390920
TN,1990,,28757,98118,371139
TN,1991,,29605,101013,383455
TN,1992,,29498,100648,387977
TN,1993,,30199,103041,399124
TN,1994,,32797,111902,416850
TN,1995,,30967,105659,405455
TN,1996,,35333,120557,465550
TN,1997,,33367,113848,429644
TN,1998,,35428,120879,452348
TN,1999,,35425,120870,465527
TN,2000,,36622,124955,492023
TN,2001,,36932,126010,484520
TN,2002,,38752,132221,494497
TN,2003,,37697,128622,477692
TN,2004,,38526,131450,491205
TN,2005,,41132,140343,525347
TN,2006,,40816,139264,520960
TN,2007,,42880,146306,548414
TN,2008,,41947,143122,543255
TN,2009,,40275,137418,501810
TN,2010,,45191,154192,575394
TN,2011,,43068,146948,527763
TN,2012,,39754,135639,470094
TN,2013,,40906,139571,493698
TN,2014,,42538,145141,529273
TN,2015,,41667,142169,501404
TN,2016,,41774,142533,502677
TN,2017,,39293,134066,465553
TN,2018,,44382,151431,524451
TN,2019,,42573,145260,491758
TN,2020,,41085,140182,456211
TN,2021,,42840,146172,493365
TN,2022,,43604,148777,505445
TN,2023,,41351,141088,473735
TN,2024,,43828,149539,
TX,1960,,11316,38609,343936
TX,1961,,11622,39656,338817
TX,1962,,14155,48298,393652
TX,1963,,16137,55061,417584
TX,1964,,17229,58785,428793
TX,1965,,18745,63956,434217
TX,1966,,20305,69281,463797
TX,1967,,22521,76842,489415
TX,1968,,25265,86203,535534
TX,1969,,30211,103080,602594
TX,1970,,32591,111201,638226
TX,1971,,35980,122764,675000
TX,1972,,40998,139886,734302
TX,1973,,42632,145461,748265
TX,1974,,43527,148514,734367
TX,1975,,40892,139522,712548
TX,1976,,41171,140474,725322
TX,1977,,46831,159788,830981
TX,1978,,51105,174370,882550
TX,1979,,50383,171907,894630
TX,1980,,57178,195091,877205
TX,1981,,57621,196602,858402
TX,1982,,60733,207221,905579
TX,1983,,60326,205833,880792
TX,1984,,68363,233253,980540
TX,1985,,71740,244777,1015564
TX,1986,,72392,247003,986538
TX,1987,,74369,253748,1035020
TX,1988,,77255,263594,1071628
TX,1989,,79620,271662,1133588
TX,1990,,82548,281652,1121459
TX,1991,,84088,286909,1138132
TX,1992,,81934,279557,1101903
TX,1993,,87686,299184,1172999
TX,1994,,89793,306373,1182253
TX,1995,,92831,316740,1203635
TX,1996,,99656,340027,1294572
TX,1997,,101094,344933,1314774
TX,1998,,110434,376800,1384828
TX,1999,,108591,370514,1357678
TX,2000,,116895,398847,1460523
TX,2001,,117343,400374,1450183
TX,2002,,121435,414337,1513718
TX,2003,,121355,414063,1464987
TX,2004,,120330,410566,1417546
TX,2005,,126562,431829,1478243
TX,2006,,126843,432789,1444532
TX,2007,,124921,426231,1524245
TX,2008,,128240,437555,1542723
TX,2009,,129815,442928,1538419
TX,2010,,137161,467995,1618905
TX,2011,,145654,496972,1669597
TX,2012,,137412,468848,1525164
TX,2013,,140273,478610,1598113
TX,2014,,140900,480750,1615751
TX,2015,,145652,496964,1586838
TX,2016,,145973,498060,1528505
TX,2017,,144242,492154,1487626
TX,2018,,157268,536598,1607171
TX,2019,,155481,530502,1583315
TX,2020,,156415,533687,1536642
TX,2021,,155075,529116,1513510
TX,2022,,170596,582075,1639897
TX,2023,,168611,575300,1565286
TX,2024,,165052,563157,
US,1960,,201463,687393,8719196
US,1961,,214445,731686,8952494
US,1962,,232802,794320,9415838
US,1963,,250753,855568,9629007
US,1964,,271842,927525,9853461
US,1965,,291013,992935,10215417
US,1966,,316888,1081223,10738741
US,1967,,340114,1160469,11149599
US,1968,,381570,1301916,11836331
US,1969,,426736,1456024,12588232
US,1970,,466291,1590983,13139730
US,1971,,499532,1704403,13569414
US,1972,,538609,1837735,14216788
US,1973,,579231,1976337,14272814
US,1974,,578184,1972763,13928651
US,1975,,588140,2006735,14100295
US,1976,,606452,2069215,14763294
US,1977,,645239,2201555,15141623
US,1978,,674466,2301276,15484818
US,1979,,682819,2329778,15164035
US,1980,,717493,2448086,15059477
US,1981,,722265,2464367,14616227
US,1982,,729519,2489120,14723273
US,1983,,750948,2562235,14559266
US,1984,,780092,2661673,15131333
US,1985,,793934,2708902,15343160
US,1986,,819088,2794729,15218699
US,1987,,850410,2901600,15596688
US,1988,,892866,3046459,16573901
US,1989,,905525,3089650,17087710
US,1990,,924019,3152752,16214999
US,1991,,955417,3259884,16680049
US,1992,,935939,3193423,16713518
US,1993,,994781,3394192,17506007
US,1994,,1008482,3440939,17448263
US,1995,,1042501,3557015,17754173
US,1996,,1082512,3693530,18637804
US,1997,,1075880,3670903,18105720
US,1998,,1130109,3855932,18174547
US,1999,,1144923,3906478,18766405
US,2000,,1192446,4068627,19713563
US,2001,,1201607,4099882,19446709
US,2002,,1265180,4316794,20049206
US,2003,,1275824,4353111,20343265
US,2004,,1291982,4408241,20328581
US,2005,,1359227,4637683,20844591
US,2006,,1351520,4611386,19839294
US,2007,,1392241,4750326,20773460
US,2008,,1380662,4710818,20849966
US,2009,,1364758,4656555,20179502
US,2010,,1445708,4932757,20978522
US,2011,,1422801,4854597,20268904
US,2012,,1374515,4689844,18843521
US,2013,,1394812,4759099,19968018
US,2014,,1407208,4801395,20343258
US,2015,,1404096,4790777,19526914
US,2016,,1411058,4814530,18953307
US,2017,,1378648,4703946,18480303
US,2018,,1469093,5012546,20052839
US,2019,,1440289,4914266,19598900
US,2020,,1464605,4997232,18820303
US,2021,,1470487,5017301,19033215
US,2022,,1509233,5149504,19570724
US,2023,,1450025,4947486,18352961
US,2024,,1482874,5059565,
UT,1960,,1012,3454,40719
UT,1961,,1071,3655,43443
UT,1962,,1125,3838,47583
UT,1963,,1228,4189,45987
UT,1964,,1331,4541,50355
UT,1965,,1243,4243,47243
UT,1966,,1306,4457,52879
UT,1967,,1373,4683,56429
UT,1968,,1465,4999,58814
UT,1969,,1569,5353,63426
UT,1970,,1688,5760,65437
UT,1971,,1879,6412,74215
UT,1972,,2023,6903,73895
UT,1973,,2271,7749,76815
UT,1974,,2525,8617,82349
UT,1975,,2493,8505,89209
UT,1976,,2672,9118,98073
UT,1977,,2761,9420,70888
UT,1978,,2900,9895,84324
UT,1979,,3209,10949,100464
UT,1980,,3116,10632,102725
UT,1981,,3436,11725,102728
UT,1982,,3785,12914,90723
UT,1983,,3804,12981,107360
UT,1984,,3856,13158,107606
UT,1985,,3985,13596,113835
UT,1986,,3989,13610,103830
UT,1987,,3980,13579,91283
UT,1988,,4151,14164,94968
UT,1989,,4163,14203,99401
UT,1990,,4246,14488,97186
UT,1991,,4460,15218,107838
UT,1992,,4505,15373,101115
UT,1993,,4726,16125,110606
UT,1994,,5009,17090,109118
UT,1995,,5041,17199,110229
UT,1996,,5481,18702,119955
UT,1997,,5661,19314,125675
UT,1998,,5756,19639,123721
UT,1999,,6236,21279,128897
UT,2000,,6514,22224,134346
UT,2001,,6693,22836,135272
UT,2002,,6938,23673,143625
UT,2003,,7166,24452,139888
UT,2004,,7325,24992,147725
UT,2005,,7567,25820,148785
UT,2006,,8232,28088,154182
UT,2007,,8752,29860,156147
UT,2008,,8786,29979,161823
UT,2009,,8725,29771,159703
UT,2010,,8834,30142,161950
UT,2011,,8947,30526,166477
UT,2012,,9188,31350,158068
UT,2013,,9402,32079,173059
UT,2014,,8964,30585,156523
UT,2015,,9117,31108,155943
UT,2016,,9371,31973,160854
UT,2017,,9511,32451,165691
UT,2018,,9715,33146,168952
UT,2019,,9740,33231,179740
UT,2020,,10547,35986,182176
UT,2021,,10950,37363,181168
UT,2022,,11344,38707,192611
UT,2023,,11328,38652,195255
UT,2024,,11825,40348,
VA,1960,,4099,13986,185718
VA,1961,,4511,15392,191725
VA,1962,,4821,16450,198268
VA,1963,,5277,18005,205926
VA,1964,,5812,19830,203124
VA,1965,,6557,22372,211803
VA,1966,,7337,25033,231822
VA,1967,,7954,27139,240925
VA,1968,,9189,31351,257777
VA,1969,,10473,35734,265186
VA,1970,,11546,39394,281875
VA,1971,,12053,41125,282796
VA,1972,,13037,44483,296920
VA,1973,,14697,50145,305944
VA,1974,,14752,50333,294197
VA,1975,,15871,54152,304772
VA,1976,,17156,58537,330682
VA,1977,,18198,62093,347781
VA,1978,,18669,63699,350148
VA,1979,,18717,63862,376465
VA,1980,,19731,67322,343378
VA,1981,,20579,70214,327959
VA,1982,,20343,69412,328102
VA,1983,,21588,73657,333876
VA,1984,,21711,74080,360774
VA,1985,,22568,77001,370280
VA,1986,,25235,86103,395619
VA,1987,,26875,91698,414712
VA,1988,,28192,96191,440213
VA,1989,,29223,99710,452734
VA,1990,,28130,95978,429754
VA,1991,,29607,101020,448024
VA,1992,,29780,101610,462598
VA,1993,,32472,110795,504293
VA,1994,,32343,110354,496943
VA,1995,,33472,114205,515480
VA,1996,,34651,118228,535812
VA,1997,,33923,115747,517273
VA,1998,,34703,118407,516238
VA,1999,,35779,122077,537331
VA,2000,,37541,128091,580257
VA,2001,,37325,127354,555371
VA,2002,,40358,137703,588419
VA,2003,,40877,139471,601089
VA,2004,,42503,145022,625532
VA,2005,,44662,152386,658788
VA,2006,,42906,146395,611203
VA,2007,,45481,155180,647952
VA,2008,,44597,152164,633896
VA,2009,,44763,152731,624985
VA,2010,,48439,165274,668951
VA,2011,,45771,156171,613963
VA,2012,,43535,148540,563147
VA,2013,,45416,154960,609669
VA,2014,,46444,158466,626927
VA,2015,,45928,156708,597564
VA,2016,,45186,154175,565427
VA,2017,,43982,150068,538467
VA,2018,,47963,163648,591498
VA,2019,,46666,159225,556330
VA,2020,,46089,157255,539876
VA,2021,,46634,159117,553291
VA,2022,,46718,159400,558261
VA,2023,,43096,147043,509619
VA,2024,,45273,154471,
VT,1960,,451,1537,25880
VT,1961,,487,1660,28832
VT,1962,,528,1803,29920
VT,1963,,577,1968,30385
VT,1964,,618,2109,29098
VT,1965,,678,2314,33038
VT,1966,,760,2594,35661
VT,1967,,820,2796,37252
VT,1968,,933,3182,39740
VT,1969,,1076,3673,41711
VT,1970,,1216,4150,42319
VT,1971,,1360,4640,42502
VT,1972,,1496,5105,46066
VT,1973,,1515,5169,46305
VT,1974,,1496,5106,41852
VT,1975,,1427,4870,39615
VT,1976,,1485,5067,44940
VT,1977,,1466,5003,43759
VT,1978,,1529,5217,45602
VT,1979,,1698,5794,46102
VT,1980,,1781,6077,39692
VT,1981,,1707,5826,37168
VT,1982,,1738,5930,33285
VT,1983,,1766,6025,38299
VT,1984,,1849,6309,40991
VT,1985,,1538,5247,39933
VT,1986,,1156,3945,31748
VT,1987,,1409,4808,34423
VT,1988,,1572,5363,37826
VT,1989,,1664,5676,41020
VT,1990,,1809,6171,36481
VT,1991,,1783,6085,38045
VT,1992,,1927,6575,40852
VT,1993,,1971,6725,39775
VT,1994,,2009,6856,39038
VT,1995,,1973,6733,37027
VT,1996,,2006,6845,38624
VT,1997,,1992,6798,37508
VT,1998,,1951,6658,35360
VT,1999,,1999,6819,33735
VT,2000,,2037,6950,39815
VT,2001,,2009,6856,40077
VT,2002,,2047,6984,40583
VT,2003,,2011,6863,42784
VT,2004,,2109,7198,45417
VT,2005,,2189,7468,46042
VT,2006,,2142,7309,43486
VT,2007,,2170,7403,44271
VT,2008,,2133,7279,40797
VT,2009,,2122,7240,47463
VT,2010,,2128,7261,45928
VT,2011,,2125,7249,44801
VT,2012,,2095,7149,36096
VT,2013,,2125,7252,40986
VT,2014,,2121,7238,43141
VT,2015,,2089,7127,44703
VT,2016,,2056,7016,40673
VT,2017,,2023,6904,41436
VT,2018,,2116,7220,46722
VT,2019,,2082,7102,46355
VT,2020,,2157,7360,34084
VT,2021,,2174,7419,33603
VT,2022,,2187,7461,34267
VT,2023,,2176,7426,33054
VT,2024,,2230,7609,
WA,1960,,8755,29871,162362
WA,1961,,9110,31082,163597
WA,1962,,9760,33303,167091
WA,1963,,10105,34479,173379
WA,1964,,10707,36531,186969
WA,1965,,11015,37582,185651
WA,1966,,11660,39783,197634
WA,1967,,12236,41750,199236
WA,1968,,13428,45816,219837
WA,1969,,14823,50575,238362
WA,1970,,15355,52390,249115
WA,1971,,16521,56371,262100
WA,1972,,18945,64641,289145
WA,1973,,19254,65694,286358
WA,1974,,19397,66181,279682
WA,1975,,19209,65541,276108
WA,1976,,20311,69301,290126
WA,1977,,20630,70389,303031
WA,1978,,21920,74791,313466
WA,1979,,24006,81908,337886
WA,1980,,24445,83406,325166
WA,1981,,28475,97158,363386
WA,1982,,29157,99483,367771
WA,1983,,27266,93030,341381
WA,1984,,26725,91184,340441
WA,1985,,27933,95306,361376
WA,1986,,26503,90429,336518
WA,1987,,25773,87938,332195
WA,1988,,27203,92818,357906
WA,1989,,28653,97764,382460
WA,1990,,28809,98296,213085
WA,1991,,29889,101982,221109
WA,1992,,28436,97023,238709
WA,1993,,30932,105540,286936
WA,1994,,29673,101244,268197
WA,1995,,30147,102862,243883
WA,1996,,32012,109226,257518
WA,1997,,31749,108328,251618
WA,1998,,31362,107008,267767
WA,1999,,32817,111972,273136
WA,2000,,33036,112718,301027
WA,2001,,31608,107848,355465
WA,2002,,32066,109409,298803
WA,2003,,31872,108747,295140
WA,2004,,32455,110735,304211
WA,2005,,33212,113320,292623
WA,2006,,34439,117504,289468
WA,2007,,35389,120747,295134
WA,2008,,36336,123978,312734
WA,2009,,36768,125453,318788
WA,2010,,34907,119102,312258
WA,2011,,36376,124115,289208
WA,2012,,35511,121163,279097
WA,2013,,35983,122776,306571
WA,2014,,35083,119703,299314
WA,2015,,34072,116254,287213
WA,2016,,34212,116730,292779
WA,2017,,37283,127209,325305
WA,2018,,35339,120577,311536
WA,2019,,36512,124580,344912
WA,2020,,36859,125762,302352
WA,2021,,38021,129728,311523
WA,2022,,39776,135715,325400
WA,2023,,38940,132864,339350
WA,2024,,38627,131795,
WI,1960,,5298,18076,241613
WI,1961,,5574,19018,253926
WI,1962,,5870,20028,264455
WI,1963,,6143,20961,264181
WI,1964,,6498,22170,262819
WI,1965,,6963,23756,278635
WI,1966,,7395,25231,294582
WI,1967,,7898,26946,315762
WI,1968,,8516,29056,322560
WI,1969,,9190,31355,332826
WI,1970,,9825,33524,336492
WI,1971,,10343,35291,342688
WI,1972,,11055,37719,339011
WI,1973,,11449,39064,341958
WI,1974,,11513,39281,345172
WI,1975,,11782,40201,348654
WI,1976,,12133,41399,367006
WI,1977,,12618,43051,370923
WI,1978,,13046,44513,387739
WI,1979,,13285,45328,376865
WI,1980,,13597,46393,351833
WI,1981,,13735,46863,335218
WI,1982,,13978,47694,344879
WI,1983,,14440,49270,330965
WI,1984,,16025,54677,349340
WI,1985,,16307,55640,361617
WI,1986,,16557,56492,353729
WI,1987,,15429,52643,335977
WI,1988,,16383,55899,370456
WI,1989,,16259,55475,378167
WI,1990,,16385,55907,362880
WI,1991,,17349,59196,385549
WI,1992,,16615,56689,374412
WI,1993,,17373,59278,388503
WI,1994,,17660,60256,382156
WI,1995,,18635,63583,398757
WI,1996,,18685,63753,419843
WI,1997,,18510,63158,394040
WI,1998,,19087,65126,376431
WI,1999,,19502,66540,403910
WI,2000,,19929,67999,417071
WI,2001,,20418,69666,413238
WI,2002,,21575,73615,444127
WI,2003,,21364,72894,438319
WI,2004,,21192,72308,432650
WI,2005,,22458,76628,465119
WI,2006,,21779,74312,424925
WI,2007,,22374,76340,445530
WI,2008,,21976,74982,453603
WI,2009,,21421,73089,421424
WI,2010,,22299,76086,419567
WI,2011,,22150,75576,418081
WI,2012,,22026,75154,387976
WI,2013,,22096,75391,434849
WI,2014,,21926,74811,440422
WI,2015,,21215,72385,408402
WI,2016,,21814,74430,402160
WI,2017,,21233,72448,403403
WI,2018,,22441,76570,435669
WI,2019,,21995,75048,436437
WI,2020,,22847,77953,406754
WI,2021,,22864,78012,405859
WI,2022,,22888,78094,427609
WI,2023,,22219,75811,381105
WI,2024,,22017,75120,
WV,1960,,1714,5847,83850
WV,1961,,1809,6172,84531
WV,1962,,1932,6592,88025
WV,1963,,2049,6991,91918
WV,1964,,2222,7580,90678
WV,1965,,2365,8070,90777
WV,1966,,2600,8870,96885
WV,1967,,2808,9582,98618
WV,1968,,3112,10618,104581
WV,1969,,3452,11778,107834
WV,1970,,3459,11803,107904
WV,1971,,3723,12704,109168
WV,1972,,4041,13787,117632
WV,1973,,4457,15206,116627
WV,1974,,4656,15885,117049
WV,1975,,4979,16988,118163
WV,1976,,5285,18033,124123
WV,1977,,5816,19844,133641
WV,1978,,6114,20861,138481
WV,1979,,6248,21318,142353
WV,1980,,6606,22540,139194
WV,1981,,6705,22877,134786
WV,1982,,6625,22603,132218
WV,1983,,6754,23044,124304
WV,1984,,6769,23095,126777
WV,1985,,6712,22902,124065
WV,1986,,6983,23825,125815
WV,1987,,7250,24739,126338
WV,1988,,7549,25756,132977
WV,1989,,7634,26048,135236
WV,1990,,7578,25856,119763
WV,1991,,8106,27659,124891
WV,1992,,8138,27768,128449
WV,1993,,8682,29624,136780
WV,1994,,8663,29558,136097
WV,1995,,9166,31274,140674
WV,1996,,9277,31652,144077
WV,1997,,9027,30799,139814
WV,1998,,9053,30889,132030
WV,1999,,9452,32251,139674
WV,2000,,9738,33225,143166
WV,2001,,9828,33534,144453
WV,2002,,10444,35635,147120
WV,2003,,10473,35735,148228
WV,2004,,10756,36699,151815
WV,2005,,11384,38844,161941
WV,2006,,11014,37581,155542
WV,2007,,11749,40089,163175
WV,2008,,11763,40134,165541
WV,2009,,11588,39537,170836
WV,2010,,12443,42454,180044
WV,2011,,11746,40078,169091
WV,2012,,11195,38196,157335
WV,2013,,11582,39517,171263
WV,2014,,11991,40912,176559
WV,2015,,11437,39025,159045
WV,2016,,11376,38813,153179
WV,2017,,10573,36077,141312
WV,2018,,11679,39850,160820
WV,2019,,11153,38055,153418
WV,2020,,10877,37114,144544
WV,2021,,11051,37705,145903
WV,2022,,11137,37999,151512
WV,2023,,10234,34918,137318
WV,2024,,10675,36421,
WY,1960,,275,939,15683
WY,1961,,294,1002,16842
WY,1962,,367,1251,17737
WY,1963,,397,1353,15737
WY,1964,,448,1529,17467
WY,1965,,442,1507,17834
WY,1966,,437,1490,19283
WY,1967,,446,1520,20272
WY,1968,,468,1598,21728
WY,1969,,503,1716,25779
WY,1970,,604,2059,29342
WY,1971,,654,2231,31682
WY,1972,,701,2391,35685
WY,1973,,785,2677,27060
WY,1974,,812,2771,24678
WY,1975,,891,3040,25203
WY,1976,,957,3265,25950
WY,1977,,1020,3480,26663
WY,1978,,1167,3982,31517
WY,1979,,1318,4497,33310
WY,1980,,1410,4811,29373
WY,1981,,1633,5572,31371
WY,1982,,1820,6209,39264
WY,1983,,1816,6195,40997
WY,1984,,1800,6142,38749
WY,1985,,1815,6191,38332
WY,1986,,1678,5724,35428
WY,1987,,1635,5577,33571
WY,1988,,1764,6019,34949
WY,1989,,1721,5873,34096
WY,1990,,1720,5868,34518
WY,1991,,1819,6208,36293
WY,1992,,1763,6014,34093
WY,1993,,1906,6504,37477
WY,1994,,1865,6363,35675
WY,1995,,1939,6617,37444
WY,1996,,2022,6899,39607
WY,1997,,2007,6849,37409
WY,1998,,2013,6867,36978
WY,1999,,2025,6910,36783
WY,2000,,2103,7174,38375
WY,2001,,2146,7321,38142
WY,2002,,2232,7617,41080
WY,2003,,2286,7801,41046
WY,2004,,2262,7717,40494
WY,2005,,2377,8109,41862
WY,2006,,2468,8421,42379
WY,2007,,2592,8844,46579
WY,2008,,2719,9276,48657
WY,2009,,2720,9279,46583
WY,2010,,2727,9305,45919
WY,2011,,2803,9563,46941
WY,2012,,2717,9269,43277
WY,2013,,2829,9654,47336
WY,2014,,2752,9391,46132
WY,2015,,2677,9133,46295
WY,2016,,2751,9387,47059
WY,2017,,2772,9459,49225
WY,2018,,2748,9377,49671
WY,2019,,2849,9722,51814
WY,2020,,2880,9825,46967
WY,2021,,2897,9886,46073
WY,2022,,3009,10266,47552
WY,2023,,2948,10058,48127
WY,2024,,2968,10127,
