Country,Year,Type,Value,Lower_CI,Upper_CI
Algeria,1971,Historical,8.0,,
Algeria,1972,Historical,13.0,,
Algeria,1973,Historical,69.0,,
Algeria,1974,Historical,52.0,,
Algeria,1975,Historical,59.0,,
Algeria,1976,Historical,48.0,,
Algeria,1977,Historical,32.0,,
Algeria,1978,Historical,42.0,,
Algeria,1979,Historical,51.0,,
Algeria,1980,Historical,149.0,,
Algeria,1981,Historical,219.0,,
Algeria,1982,Historical,323.0,,
Algeria,1983,Historical,270.0,,
Algeria,1984,Historical,320.0,,
Algeria,1985,Historical,317.0,,
Algeria,1986,Historical,379.0,,
Algeria,1987,Historical,379.0,,
Algeria,1988,Historical,408.0,,
Algeria,1989,Historical,376.0,,
Algeria,1990,Historical,395.0,,
Algeria,1991,Historical,380.0,,
Algeria,1992,Historical,389.0,,
Algeria,1993,Historical,382.0,,
Algeria,1994,Historical,376.0,,
Algeria,1995,Historical,384.0,,
Algeria,1996,Historical,381.0,,
Algeria,1997,Historical,455.0,,
Algeria,1998,Historical,450.0,,
Algeria,1999,Historical,488.0,,
Algeria,2000,Historical,523.0,,
Algeria,2001,Historical,543.0,,
Algeria,2002,Historical,508.0,,
Algeria,2003,Historical,504.0,,
Algeria,2004,Historical,427.0,,
Algeria,2005,Historical,429.0,,
Algeria,2006,Historical,421.0,,
Algeria,2007,Historical,441.0,,
Algeria,2008,Historical,450.0,,
Algeria,2009,Historical,443.0,,
Algeria,2010,Historical,491.0,,
Algeria,2011,Historical,479.0,,
Algeria,2012,Historical,438.0,,
Algeria,2013,Historical,443.0,,
Algeria,2014,Historical,586.0,,
Algeria,2015,Historical,589.0,,
Algeria,2016,Historical,571.0,,
Algeria,2017,Historical,555.789315,,
Algeria,2018,Historical,519.172575,,
Algeria,2019,Historical,494.913367,,
Algeria,2020,Historical,489.387609,,
Algeria,2021,Historical,479.765636,,
Algeria,2022,Historical,493.61954,,
Algeria,2023,Historical,500.681049,,
Algeria,2024,Historical,496.40362870000126,,
Algeria,2025,Forecast,509.7951657585769,431.26588397427435,588.3244475428794
Algeria,2026,Forecast,512.846172310934,326.84324967809494,698.849094943773
Algeria,2027,Forecast,513.5412860190773,248.27789896839022,778.8046730697645
Algeria,2028,Forecast,513.6996544325688,185.18559654675465,842.2137123183829
Algeria,2029,Forecast,513.7357356579827,131.77754947856954,895.6939218373958
Algeria,2030,Forecast,513.7439560776905,84.84162787799352,942.6462842773876
Algeria,2031,Forecast,513.7458289436865,42.530460677702024,984.9611972096711
Belgium,1971,Historical,198.0,,
Belgium,1972,Historical,266.0,,
Belgium,1973,Historical,294.0,,
Belgium,1974,Historical,222.0,,
Belgium,1975,Historical,258.0,,
Belgium,1976,Historical,286.0,,
Belgium,1977,Historical,365.0,,
Belgium,1978,Historical,313.0,,
Belgium,1979,Historical,311.0,,
Belgium,1980,Historical,365.0,,
Belgium,1981,Historical,351.0,,
Belgium,1982,Historical,313.0,,
Belgium,1983,Historical,328.0,,
Belgium,1984,Historical,321.0,,
Belgium,1985,Historical,263.0,,
Belgium,1986,Historical,329.0,,
Belgium,1987,Historical,329.0,,
Belgium,1988,Historical,297.0,,
Belgium,1989,Historical,329.0,,
Belgium,1990,Historical,343.0,,
Belgium,1991,Historical,362.0,,
Belgium,1992,Historical,359.0,,
Belgium,1993,Historical,342.0,,
Belgium,1994,Historical,341.0,,
Belgium,1995,Historical,325.0,,
Belgium,1996,Historical,370.0,,
Belgium,1997,Historical,366.0,,
Belgium,1998,Historical,383.0,,
Belgium,1999,Historical,396.0,,
Belgium,2000,Historical,408.0,,
Belgium,2001,Historical,403.0,,
Belgium,2002,Historical,416.0,,
Belgium,2003,Historical,421.0,,
Belgium,2004,Historical,457.0,,
Belgium,2005,Historical,463.0,,
Belgium,2006,Historical,443.0,,
Belgium,2007,Historical,441.0,,
Belgium,2008,Historical,439.0,,
Belgium,2009,Historical,424.0,,
Belgium,2010,Historical,422.0,,
Belgium,2011,Historical,440.0,,
Belgium,2012,Historical,491.0,,
Belgium,2013,Historical,509.0,,
Belgium,2014,Historical,544.0,,
Belgium,2015,Historical,533.0,,
Belgium,2016,Historical,556.0,,
Belgium,2017,Historical,653.082132,,
Belgium,2018,Historical,625.09543,,
Belgium,2019,Historical,621.611611,,
Belgium,2020,Historical,508.594117,,
Belgium,2021,Historical,561.009855,,
Belgium,2022,Historical,521.909666,,
Belgium,2023,Historical,567.161751,,
Belgium,2024,Historical,576.741033,,
Belgium,2025,Forecast,586.6077389461548,490.6192809335246,682.596196958785
Belgium,2026,Forecast,579.1173598625362,458.6828468062256,699.5518729188468
Belgium,2027,Forecast,584.8037337265689,434.2229934992805,735.3844739538573
Belgium,2028,Forecast,580.4868830891598,411.36632490232466,749.607441275995
Belgium,2029,Forecast,583.7640505549801,393.50413210288104,774.0239690070792
Belgium,2030,Forecast,581.2761658674809,375.0983409469468,787.4539907880151
Belgium,2031,Forecast,583.164860993027,360.03800898397685,806.2917130020771
Canada,1971,Historical,36.0,,
Canada,1972,Historical,93.0,,
Canada,1973,Historical,113.0,,
Canada,1974,Historical,107.0,,
Canada,1975,Historical,87.0,,
Canada,1976,Historical,57.0,,
Canada,1977,Historical,73.0,,
Canada,1978,Historical,132.0,,
Canada,1979,Historical,115.0,,
Canada,1980,Historical,129.0,,
Canada,1981,Historical,125.0,,
Canada,1982,Historical,93.0,,
Canada,1983,Historical,130.0,,
Canada,1984,Historical,142.0,,
Canada,1985,Historical,165.0,,
Canada,1986,Historical,151.0,,
Canada,1987,Historical,175.0,,
Canada,1988,Historical,238.0,,
Canada,1989,Historical,218.0,,
Canada,1990,Historical,243.0,,
Canada,1991,Historical,274.0,,
Canada,1992,Historical,240.0,,
Canada,1993,Historical,255.0,,
Canada,1994,Historical,237.0,,
Canada,1995,Historical,251.0,,
Canada,1996,Historical,293.0,,
Canada,1997,Historical,311.0,,
Canada,1998,Historical,292.0,,
Canada,1999,Historical,301.0,,
Canada,2000,Historical,303.0,,
Canada,2001,Historical,394.0,,
Canada,2002,Historical,424.0,,
Canada,2003,Historical,432.0,,
Canada,2004,Historical,446.0,,
Canada,2005,Historical,444.0,,
Canada,2006,Historical,423.0,,
Canada,2007,Historical,439.0,,
Canada,2008,Historical,440.0,,
Canada,2009,Historical,420.0,,
Canada,2010,Historical,419.0,,
Canada,2011,Historical,390.0,,
Canada,2012,Historical,469.0,,
Canada,2013,Historical,508.0,,
Canada,2014,Historical,463.0,,
Canada,2015,Historical,464.0,,
Canada,2016,Historical,437.0,,
Canada,2017,Historical,492.576548,,
Canada,2018,Historical,448.638137,,
Canada,2019,Historical,517.424425,,
Canada,2020,Historical,456.853978,,
Canada,2021,Historical,487.944567,,
Canada,2022,Historical,461.394647,,
Canada,2023,Historical,481.768677,,
Canada,2024,Historical,465.513519,,
Canada,2025,Forecast,481.2521441542255,439.5898306364305,522.9144576720205
Canada,2026,Forecast,467.0595366743125,422.4174871403358,511.70158620828914
Canada,2027,Forecast,479.857993026442,420.48419557595923,539.2317904769247
Canada,2028,Forecast,468.31673922729385,406.1848676674554,530.4486107871323
Canada,2029,Forecast,478.7242864807709,406.3596907477648,551.088882213777
Canada,2030,Forecast,469.33908087673575,394.22085378870077,544.4573079647707
Canada,2031,Forecast,477.8023702651732,394.746500919569,560.8582396107774
China,1971,Historical,2.0,,
China,1972,Historical,1.0,,
China,1973,Historical,2.0,,
China,1974,Historical,7.0,,
China,1975,Historical,16.0,,
China,1976,Historical,17.0,,
China,1977,Historical,24.0,,
China,1978,Historical,34.0,,
China,1979,Historical,48.0,,
China,1980,Historical,97.0,,
China,1981,Historical,107.0,,
China,1982,Historical,121.0,,
China,1983,Historical,121.0,,
China,1984,Historical,133.0,,
China,1985,Historical,143.0,,
China,1986,Historical,127.0,,
China,1987,Historical,114.0,,
China,1988,Historical,117.0,,
China,1989,Historical,135.0,,
China,1990,Historical,140.0,,
China,1991,Historical,132.0,,
China,1992,Historical,121.0,,
China,1993,Historical,98.0,,
China,1994,Historical,95.0,,
China,1995,Historical,110.0,,
China,1996,Historical,118.0,,
China,1997,Historical,156.0,,
China,1998,Historical,147.0,,
China,1999,Historical,185.0,,
China,2000,Historical,221.0,,
China,2001,Historical,250.0,,
China,2002,Historical,266.0,,
China,2003,Historical,331.0,,
China,2004,Historical,286.0,,
China,2005,Historical,353.0,,
China,2006,Historical,321.0,,
China,2007,Historical,379.0,,
China,2008,Historical,411.0,,
China,2009,Historical,579.0,,
China,2010,Historical,626.0,,
China,2011,Historical,617.0,,
China,2012,Historical,573.0,,
China,2013,Historical,672.0,,
China,2014,Historical,709.0,,
China,2015,Historical,847.0,,
China,2016,Historical,1104.0,,
China,2017,Historical,1181.5515,,
China,2018,Historical,1323.7683,,
China,2019,Historical,1511.90364,,
China,2020,Historical,1362.9655,,
China,2021,Historical,1327.20982,,
China,2022,Historical,1181.48192,,
China,2023,Historical,1370.05547,,
China,2024,Historical,1211.169293999992,,
China,2025,Forecast,1195.8995459218415,905.3486964334859,1486.4503954101972
China,2026,Forecast,1184.920257721327,741.4574203570464,1628.3830950856077
China,2027,Forecast,1177.0259055176753,601.3991554708994,1752.6526555644512
China,2028,Forecast,1171.349690850828,476.05340894061965,1866.6459727610363
China,2029,Forecast,1167.268366365555,361.8524397097184,1972.6842930213916
China,2030,Forecast,1164.3338033633177,256.72268435776584,2071.9449223688694
China,2031,Forecast,1162.2237873513159,159.2054032922224,2165.2421714104094
Curacao,1971,Historical,672.0,,
Curacao,1972,Historical,653.0,,
Curacao,1973,Historical,781.0,,
Curacao,1974,Historical,706.0,,
Curacao,1975,Historical,485.0,,
Curacao,1976,Historical,462.0,,
Curacao,1977,Historical,428.0,,
Curacao,1978,Historical,446.0,,
Curacao,1979,Historical,429.0,,
Curacao,1980,Historical,456.0,,
Curacao,1981,Historical,427.0,,
Curacao,1982,Historical,371.0,,
Curacao,1983,Historical,377.0,,
Curacao,1984,Historical,331.0,,
Curacao,1985,Historical,129.0,,
Curacao,1986,Historical,124.0,,
Curacao,1987,Historical,163.0,,
Curacao,1988,Historical,167.0,,
Curacao,1989,Historical,171.0,,
Curacao,1990,Historical,180.0,,
Curacao,1991,Historical,199.0,,
Curacao,1992,Historical,199.0,,
Curacao,1993,Historical,217.0,,
Curacao,1994,Historical,218.0,,
Curacao,1995,Historical,219.0,,
Curacao,1996,Historical,218.0,,
Curacao,1997,Historical,217.0,,
Curacao,1998,Historical,225.0,,
Curacao,1999,Historical,198.0,,
Curacao,2000,Historical,203.0,,
Curacao,2001,Historical,228.0,,
Curacao,2002,Historical,188.0,,
Curacao,2003,Historical,173.0,,
Curacao,2004,Historical,202.0,,
Curacao,2005,Historical,214.0,,
Curacao,2006,Historical,198.0,,
Curacao,2007,Historical,205.0,,
Curacao,2008,Historical,192.0,,
Curacao,2009,Historical,175.0,,
Curacao,2010,Historical,76.0,,
Curacao,2011,Historical,139.0,,
Curacao,2012,Historical,147.0,,
Curacao,2013,Historical,163.0,,
Curacao,2014,Historical,171.0,,
Curacao,2015,Historical,160.0,,
Curacao,2016,Historical,148.0,,
Curacao,2017,Historical,77.151353,,
Curacao,2018,Historical,56.666318,,
Curacao,2019,Forecast,54.466316804684276,-29.405048957084723,138.33768256645328
Curacao,2020,Forecast,56.551405951124096,-63.95030098001948,177.05311288226767
Curacao,2021,Forecast,54.57522668455911,-92.32085303861427,201.4713064077325
Curacao,2022,Forecast,56.44818473063086,-113.96937604453564,226.86574550579735
Curacao,2023,Forecast,54.673056379829724,-135.38212721367438,244.7282399733338
Curacao,2024,Forecast,56.35546494654956,-152.3654128481885,265.0763427412876
Curacao,2025,Forecast,54.76093315728775,-170.3215847630215,279.843451077597
France,1971,Historical,245.0,,
France,1972,Historical,258.0,,
France,1973,Historical,281.0,,
France,1974,Historical,237.0,,
France,1975,Historical,236.0,,
France,1976,Historical,210.0,,
France,1977,Historical,279.0,,
France,1978,Historical,273.0,,
France,1979,Historical,335.0,,
France,1980,Historical,279.0,,
France,1981,Historical,308.0,,
France,1982,Historical,244.0,,
France,1983,Historical,223.0,,
France,1984,Historical,223.0,,
France,1985,Historical,244.0,,
France,1986,Historical,253.0,,
France,1987,Historical,235.0,,
France,1988,Historical,261.0,,
France,1989,Historical,254.0,,
France,1990,Historical,299.0,,
France,1991,Historical,297.0,,
France,1992,Historical,303.0,,
France,1993,Historical,323.0,,
France,1994,Historical,352.0,,
France,1995,Historical,328.0,,
France,1996,Historical,374.0,,
France,1997,Historical,398.0,,
France,1998,Historical,423.0,,
France,1999,Historical,387.0,,
France,2000,Historical,446.0,,
France,2001,Historical,421.0,,
France,2002,Historical,408.0,,
France,2003,Historical,476.0,,
France,2004,Historical,502.0,,
France,2005,Historical,578.0,,
France,2006,Historical,589.0,,
France,2007,Historical,553.0,,
France,2008,Historical,653.0,,
France,2009,Historical,538.0,,
France,2010,Historical,484.0,,
France,2011,Historical,444.0,,
France,2012,Historical,417.0,,
France,2013,Historical,405.0,,
France,2014,Historical,407.0,,
France,2015,Historical,450.0,,
France,2016,Historical,443.0,,
France,2017,Historical,439.042986,,
France,2018,Historical,432.104658,,
France,2019,Historical,369.658082,,
France,2020,Historical,271.845825,,
France,2021,Historical,268.109005,,
France,2022,Historical,295.342619,,
France,2023,Historical,311.28243,,
France,2024,Historical,344.691131,,
France,2025,Forecast,360.4124510483879,295.52412312024165,425.3007789765341
France,2026,Forecast,360.44717394076287,235.09539533783197,485.79895254369376
France,2027,Forecast,360.44725063147655,195.4147705173048,525.4797307456483
France,2028,Forecast,360.4472508008595,163.5756811150606,557.3188204866583
France,2029,Forecast,360.44725080123357,136.212751880012,584.6817497224552
France,2030,Forecast,360.4472508012344,111.84353791148558,609.0509636909833
France,2031,Forecast,360.4472508012344,89.65858482962011,631.2359167728487
Germany,1971,Historical,186.0,,
Germany,1972,Historical,177.0,,
Germany,1973,Historical,201.0,,
Germany,1974,Historical,222.0,,
Germany,1975,Historical,175.0,,
Germany,1976,Historical,166.0,,
Germany,1977,Historical,158.0,,
Germany,1978,Historical,153.0,,
Germany,1979,Historical,164.0,,
Germany,1980,Historical,225.0,,
Germany,1981,Historical,210.0,,
Germany,1982,Historical,280.0,,
Germany,1983,Historical,268.0,,
Germany,1984,Historical,254.0,,
Germany,1985,Historical,228.0,,
Germany,1986,Historical,169.0,,
Germany,1987,Historical,151.0,,
Germany,1988,Historical,183.0,,
Germany,1989,Historical,219.0,,
Germany,1990,Historical,208.0,,
Germany,1991,Historical,180.0,,
Germany,1992,Historical,270.0,,
Germany,1993,Historical,304.0,,
Germany,1994,Historical,321.0,,
Germany,1995,Historical,297.0,,
Germany,1996,Historical,289.0,,
Germany,1997,Historical,260.0,,
Germany,1998,Historical,310.0,,
Germany,1999,Historical,348.0,,
Germany,2000,Historical,387.0,,
Germany,2001,Historical,384.0,,
Germany,2002,Historical,386.0,,
Germany,2003,Historical,389.0,,
Germany,2004,Historical,491.0,,
Germany,2005,Historical,543.0,,
Germany,2006,Historical,564.0,,
Germany,2007,Historical,579.0,,
Germany,2008,Historical,527.0,,
Germany,2009,Historical,464.0,,
Germany,2010,Historical,372.0,,
Germany,2011,Historical,373.0,,
Germany,2012,Historical,386.0,,
Germany,2013,Historical,415.0,,
Germany,2014,Historical,436.0,,
Germany,2015,Historical,457.0,,
Germany,2016,Historical,467.0,,
Germany,2017,Historical,483.239726,,
Germany,2018,Historical,462.583233,,
Germany,2019,Historical,451.549123,,
Germany,2020,Historical,456.378907,,
Germany,2021,Historical,524.025699,,
Germany,2022,Historical,566.18,,
Germany,2023,Historical,507.889123,,
Germany,2024,Historical,607.55459,,
Germany,2025,Forecast,574.268563252137,491.1606136810551,657.376512823219
Germany,2026,Forecast,585.0641128440376,485.31801670648434,684.8102089815909
Germany,2027,Forecast,581.5628270981001,462.9296723396724,700.1959818565279
Germany,2028,Forecast,582.6983878002529,449.1717001875156,716.2250754129902
Germany,2029,Forecast,582.3300950638575,435.0117099439232,729.6484801837917
Germany,2030,Forecast,582.4495422580273,422.64454037739404,742.2545441386607
Germany,2031,Forecast,582.4108023351749,410.99025723528325,753.8313474350666
India,1971,Historical,4.0,,
India,1972,Historical,2.0,,
India,1973,Historical,3.0,,
India,1974,Historical,5.0,,
India,1975,Historical,4.0,,
India,1976,Historical,1.0,,
India,1977,Historical,1.0,,
India,1978,Historical,1.0,,
India,1979,Historical,3.0,,
India,1980,Historical,13.0,,
India,1981,Historical,5.0,,
India,1982,Historical,15.0,,
India,1983,Historical,32.0,,
India,1984,Historical,20.0,,
India,1985,Historical,47.0,,
India,1986,Historical,57.0,,
India,1987,Historical,75.0,,
India,1988,Historical,51.0,,
India,1989,Historical,62.0,,
India,1990,Historical,59.0,,
India,1991,Historical,64.0,,
India,1992,Historical,80.0,,
India,1993,Historical,86.0,,
India,1994,Historical,75.0,,
India,1995,Historical,79.0,,
India,1996,Historical,72.0,,
India,1997,Historical,75.0,,
India,1998,Historical,26.0,,
India,1999,Historical,63.0,,
India,2000,Historical,170.0,,
India,2001,Historical,204.0,,
India,2002,Historical,209.0,,
India,2003,Historical,320.0,,
India,2004,Historical,430.0,,
India,2005,Historical,497.0,,
India,2006,Historical,711.0,,
India,2007,Historical,871.0,,
India,2008,Historical,825.0,,
India,2009,Historical,1095.0,,
India,2010,Historical,1266.0,,
India,2011,Historical,1341.0,,
India,2012,Historical,1383.0,,
India,2013,Historical,1470.0,,
India,2014,Historical,1409.0,,
India,2015,Historical,1345.0,,
India,2016,Historical,1451.0,,
India,2017,Historical,1477.32778,,
India,2018,Historical,1339.38745,,
India,2019,Historical,1458.58038,,
India,2020,Historical,1247.30489,,
India,2021,Historical,1398.45978,,
India,2022,Historical,1302.76484,,
India,2023,Historical,1340.58597,,
India,2024,Historical,1295.380510999974,,
India,2025,Forecast,1334.506240048688,1199.112339909591,1469.900140187785
India,2026,Forecast,1312.4848757018697,1177.0201146258246,1447.9496367779147
India,2027,Forecast,1324.8792897993433,1168.503460909128,1481.2551186895585
India,2028,Forecast,1317.9032687681192,1157.2975367423246,1478.5090007939139
India,2029,Forecast,1321.8296237410423,1150.3905702783582,1493.2686772037264
India,2030,Forecast,1319.6197302638875,1141.900050343082,1497.339410184693
India,2031,Forecast,1320.8635376155023,1135.05441511589,1506.6726601151147
Iran,1971,Historical,264.0,,
Iran,1972,Historical,242.0,,
Iran,1973,Historical,239.0,,
Iran,1974,Historical,234.0,,
Iran,1975,Historical,228.0,,
Iran,1976,Historical,182.0,,
Iran,1977,Historical,189.0,,
Iran,1978,Historical,135.0,,
Iran,1979,Historical,169.0,,
Iran,1980,Historical,113.0,,
Iran,1981,Historical,11.0,,
Iran,1982,Historical,20.0,,
Iran,1983,Historical,76.0,,
Iran,1984,Historical,52.0,,
Iran,1985,Historical,70.0,,
Iran,1986,Historical,38.0,,
Iran,1987,Historical,46.0,,
Iran,1988,Historical,39.0,,
Iran,1989,Historical,78.0,,
Iran,1990,Historical,89.0,,
Iran,1991,Historical,113.0,,
Iran,1992,Historical,132.0,,
Iran,1993,Historical,127.0,,
Iran,1994,Historical,151.0,,
Iran,1995,Historical,186.0,,
Iran,1996,Historical,202.0,,
Iran,1997,Historical,235.0,,
Iran,1998,Historical,290.0,,
Iran,1999,Historical,416.0,,
Iran,2000,Historical,348.0,,
Iran,2001,Historical,317.0,,
Iran,2002,Historical,347.0,,
Iran,2003,Historical,345.0,,
Iran,2004,Historical,348.0,,
Iran,2005,Historical,326.0,,
Iran,2006,Historical,331.0,,
Iran,2007,Historical,304.0,,
Iran,2008,Historical,288.0,,
Iran,2009,Historical,324.0,,
Iran,2010,Historical,366.0,,
Iran,2011,Historical,391.0,,
Iran,2012,Historical,269.0,,
Iran,2013,Historical,276.0,,
Iran,2014,Historical,266.0,,
Iran,2015,Historical,426.0,,
Iran,2016,Historical,585.0,,
Iran,2017,Historical,579.091737,,
Iran,2018,Historical,556.551066,,
Iran,2019,Historical,648.473178,,
Iran,2020,Historical,675.373579,,
Iran,2021,Historical,687.477159,,
Iran,2022,Historical,830.785063,,
Iran,2023,Historical,930.153693,,
Iran,2024,Historical,970.0842886000464,,
Iran,2025,Forecast,1001.0057723736982,877.9323002963712,1124.079244451025
Iran,2026,Forecast,1003.9477477674643,727.0186613357286,1280.8768341992
Iran,2027,Forecast,1004.2276573371629,624.3987380471401,1384.0565766271857
Iran,2028,Forecast,1004.2542888879824,543.3427625272,1465.1658152487648
Iran,2029,Forecast,1004.2568227045283,474.47852192223274,1534.035123486824
Iran,2030,Forecast,1004.2570637804736,413.582866167858,1594.9312613930892
Iran,2031,Forecast,1004.2570867172609,358.40301945140925,1650.1111539831127
Italy,1971,Historical,565.0,,
Italy,1972,Historical,561.0,,
Italy,1973,Historical,588.0,,
Italy,1974,Historical,487.0,,
Italy,1975,Historical,306.0,,
Italy,1976,Historical,318.0,,
Italy,1977,Historical,402.0,,
Italy,1978,Historical,480.0,,
Italy,1979,Historical,479.0,,
Italy,1980,Historical,255.0,,
Italy,1981,Historical,313.0,,
Italy,1982,Historical,298.0,,
Italy,1983,Historical,266.0,,
Italy,1984,Historical,224.0,,
Italy,1985,Historical,254.0,,
Italy,1986,Historical,350.0,,
Italy,1987,Historical,303.0,,
Italy,1988,Historical,314.0,,
Italy,1989,Historical,299.0,,
Italy,1990,Historical,355.0,,
Italy,1991,Historical,376.0,,
Italy,1992,Historical,387.0,,
Italy,1993,Historical,437.0,,
Italy,1994,Historical,401.0,,
Italy,1995,Historical,340.0,,
Italy,1996,Historical,374.0,,
Italy,1997,Historical,420.0,,
Italy,1998,Historical,459.0,,
Italy,1999,Historical,413.0,,
Italy,2000,Historical,435.0,,
Italy,2001,Historical,455.0,,
Italy,2002,Historical,444.0,,
Italy,2003,Historical,477.0,,
Italy,2004,Historical,507.0,,
Italy,2005,Historical,582.0,,
Italy,2006,Historical,549.0,,
Italy,2007,Historical,617.0,,
Italy,2008,Historical,570.0,,
Italy,2009,Historical,514.0,,
Italy,2010,Historical,589.0,,
Italy,2011,Historical,544.0,,
Italy,2012,Historical,586.0,,
Italy,2013,Historical,489.0,,
Italy,2014,Historical,413.0,,
Italy,2015,Historical,559.0,,
Italy,2016,Historical,580.0,,
Italy,2017,Historical,629.662307,,
Italy,2018,Historical,576.419447,,
Italy,2019,Historical,558.568077,,
Italy,2020,Historical,463.09644,,
Italy,2021,Historical,528.876211,,
Italy,2022,Historical,527.57089,,
Italy,2023,Historical,514.814392,,
Italy,2024,Historical,527.380803,,
Italy,2025,Forecast,541.233564175632,428.3748284513535,654.0922998999104
Italy,2026,Forecast,528.1510764926949,382.47599865008175,673.826154335308
Italy,2027,Forecast,540.5061212237965,356.93220549265595,724.0800369549371
Italy,2028,Forecast,528.8380704671646,322.9605039314269,734.7156370029022
Italy,2029,Forecast,539.8573270884395,306.1159883116925,773.5986658651866
Italy,2030,Forecast,529.4507888398383,277.45197274404245,781.4496049356342
Italy,2031,Forecast,539.278678509865,264.4139233628283,814.1434336569017
Kuwait,1971,Historical,302.0,,
Kuwait,1972,Historical,327.0,,
Kuwait,1973,Historical,335.0,,
Kuwait,1974,Historical,322.0,,
Kuwait,1975,Historical,316.0,,
Kuwait,1976,Historical,331.0,,
Kuwait,1977,Historical,317.0,,
Kuwait,1978,Historical,312.0,,
Kuwait,1979,Historical,420.0,,
Kuwait,1980,Historical,303.0,,
Kuwait,1981,Historical,202.0,,
Kuwait,1982,Historical,309.0,,
Kuwait,1983,Historical,390.0,,
Kuwait,1984,Historical,418.0,,
Kuwait,1985,Historical,466.0,,
Kuwait,1986,Historical,507.0,,
Kuwait,1987,Historical,586.0,,
Kuwait,1988,Historical,666.0,,
Kuwait,1989,Historical,796.0,,
Kuwait,1990,Historical,237.0,,
Kuwait,1991,Historical,28.0,,
Kuwait,1992,Historical,253.0,,
Kuwait,1993,Historical,420.0,,
Kuwait,1994,Historical,716.0,,
Kuwait,1995,Historical,792.0,,
Kuwait,1996,Historical,765.0,,
Kuwait,1997,Historical,857.0,,
Kuwait,1998,Historical,802.0,,
Kuwait,1999,Historical,839.0,,
Kuwait,2000,Historical,685.0,,
Kuwait,2001,Historical,592.0,,
Kuwait,2002,Historical,633.0,,
Kuwait,2003,Historical,733.0,,
Kuwait,2004,Historical,716.0,,
Kuwait,2005,Historical,711.0,,
Kuwait,2006,Historical,760.0,,
Kuwait,2007,Historical,784.0,,
Kuwait,2008,Historical,728.0,,
Kuwait,2009,Historical,675.0,,
Kuwait,2010,Historical,718.0,,
Kuwait,2011,Historical,725.0,,
Kuwait,2012,Historical,762.0,,
Kuwait,2013,Historical,737.0,,
Kuwait,2014,Historical,779.0,,
Kuwait,2015,Historical,770.0,,
Kuwait,2016,Historical,724.0,,
Kuwait,2017,Historical,611.059375,,
Kuwait,2018,Historical,616.319367,,
Kuwait,2019,Historical,619.671742,,
Kuwait,2020,Historical,510.610464,,
Kuwait,2021,Historical,650.724107,,
Kuwait,2022,Historical,704.727874,,
Kuwait,2023,Historical,955.997375,,
Kuwait,2024,Historical,948.3769152000605,,
Kuwait,2025,Forecast,962.5371929213084,763.6521947612639,1161.4221910813528
Kuwait,2026,Forecast,951.8387466944059,679.5126156927314,1224.1648776960806
Kuwait,2027,Forecast,959.9216920944228,624.5467612098698,1295.2966229789758
Kuwait,2028,Forecast,953.8148234002226,569.143735419361,1338.4859113810844
Kuwait,2029,Forecast,958.4287164061218,527.6300741444878,1389.2273586677557
Kuwait,2030,Forecast,954.9428041103322,484.2033735929901,1425.6822346276742
Kuwait,2031,Forecast,957.5764985888128,448.837856430508,1466.3151407471175
Netherlands,1971,Historical,697.0,,
Netherlands,1972,Historical,763.0,,
Netherlands,1973,Historical,853.0,,
Netherlands,1974,Historical,804.0,,
Netherlands,1975,Historical,680.0,,
Netherlands,1976,Historical,741.0,,
Netherlands,1977,Historical,671.0,,
Netherlands,1978,Historical,663.0,,
Netherlands,1979,Historical,794.0,,
Netherlands,1980,Historical,860.0,,
Netherlands,1981,Historical,844.0,,
Netherlands,1982,Historical,971.0,,
Netherlands,1983,Historical,1074.0,,
Netherlands,1984,Historical,1086.0,,
Netherlands,1985,Historical,1082.0,,
Netherlands,1986,Historical,1191.0,,
Netherlands,1987,Historical,1187.0,,
Netherlands,1988,Historical,1160.0,,
Netherlands,1989,Historical,1244.0,,
Netherlands,1990,Historical,1193.0,,
Netherlands,1991,Historical,1171.0,,
Netherlands,1992,Historical,1102.0,,
Netherlands,1993,Historical,1148.0,,
Netherlands,1994,Historical,1083.0,,
Netherlands,1995,Historical,1134.0,,
Netherlands,1996,Historical,1147.0,,
Netherlands,1997,Historical,1224.0,,
Netherlands,1998,Historical,1203.0,,
Netherlands,1999,Historical,1198.0,,
Netherlands,2000,Historical,1283.0,,
Netherlands,2001,Historical,1316.0,,
Netherlands,2002,Historical,1301.0,,
Netherlands,2003,Historical,1291.0,,
Netherlands,2004,Historical,1459.0,,
Netherlands,2005,Historical,1576.0,,
Netherlands,2006,Historical,1669.0,,
Netherlands,2007,Historical,1579.0,,
Netherlands,2008,Historical,1668.0,,
Netherlands,2009,Historical,1862.0,,
Netherlands,2010,Historical,2062.0,,
Netherlands,2011,Historical,2040.0,,
Netherlands,2012,Historical,2112.0,,
Netherlands,2013,Historical,2101.0,,
Netherlands,2014,Historical,2081.0,,
Netherlands,2015,Historical,2320.0,,
Netherlands,2016,Historical,2360.0,,
Netherlands,2017,Historical,2401.25665,,
Netherlands,2018,Historical,2389.96482,,
Netherlands,2019,Historical,2297.66632,,
Netherlands,2020,Historical,1932.0287,,
Netherlands,2021,Historical,2267.28584,,
Netherlands,2022,Historical,2249.56119,,
Netherlands,2023,Historical,2214.41364,,
Netherlands,2024,Historical,2126.50457,,
Netherlands,2025,Forecast,2179.467609323652,1895.0344117314796,2463.900806915825
Netherlands,2026,Forecast,2199.8081885603087,1888.0535386644267,2511.5628384561905
Netherlands,2027,Forecast,2207.620035632649,1889.3961688855063,2525.8439023797914
Netherlands,2028,Forecast,2210.62019378801,1890.448245705657,2530.792141870363
Netherlands,2029,Forecast,2211.77241155083,1890.9292908107655,2532.6155322908944
Netherlands,2030,Forecast,2212.2149234799376,1891.1252439327945,2533.3046030270807
Netherlands,2031,Forecast,2212.3848712222148,1891.2020965293605,2533.567645915069
Russia,1971,Historical,0.0,,
Russia,1972,Historical,0.0,,
Russia,1973,Historical,0.0,,
Russia,1974,Historical,0.0,,
Russia,1975,Historical,0.0,,
Russia,1976,Historical,0.0,,
Russia,1977,Historical,0.0,,
Russia,1978,Historical,0.0,,
Russia,1979,Historical,0.0,,
Russia,1980,Historical,0.0,,
Russia,1981,Historical,0.0,,
Russia,1982,Historical,0.0,,
Russia,1983,Historical,0.0,,
Russia,1984,Historical,0.0,,
Russia,1985,Historical,0.0,,
Russia,1986,Historical,0.0,,
Russia,1987,Historical,0.0,,
Russia,1988,Historical,0.0,,
Russia,1989,Historical,0.0,,
Russia,1990,Historical,1302.0,,
Russia,1991,Historical,1093.0,,
Russia,1992,Historical,855.0,,
Russia,1993,Historical,854.0,,
Russia,1994,Historical,886.0,,
Russia,1995,Historical,905.0,,
Russia,1996,Historical,1061.0,,
Russia,1997,Historical,1124.0,,
Russia,1998,Historical,1003.0,,
Russia,1999,Historical,949.0,,
Russia,2000,Historical,1053.0,,
Russia,2001,Historical,1094.0,,
Russia,2002,Historical,1302.0,,
Russia,2003,Historical,1303.0,,
Russia,2004,Historical,1391.0,,
Russia,2005,Historical,1635.0,,
Russia,2006,Historical,1712.0,,
Russia,2007,Historical,1840.0,,
Russia,2008,Historical,1886.0,,
Russia,2009,Historical,1975.0,,
Russia,2010,Historical,2194.0,,
Russia,2011,Historical,2285.0,,
Russia,2012,Historical,2430.0,,
Russia,2013,Historical,2613.0,,
Russia,2014,Historical,2684.0,,
Russia,2015,Historical,2715.0,,
Russia,2016,Historical,2522.0,,
Russia,2017,Historical,2602.56742,,
Russia,2018,Historical,2664.26126,,
Russia,2019,Historical,2653.99183,,
Russia,2020,Historical,2471.19211,,
Russia,2021,Historical,2459.40846,,
Russia,2022,Historical,2300.00429,,
Russia,2023,Historical,2160.04205,,
Russia,2024,Historical,2061.2015339999343,,
Russia,2025,Forecast,2009.8370298374607,1796.8958968760887,2222.7781627988325
Russia,2026,Forecast,1967.2429244667676,1638.4808320678958,2296.0050168656394
Russia,2027,Forecast,1931.9216877116937,1499.0374841091998,2364.8058913141876
Russia,2028,Forecast,1902.6314900411403,1371.6906348969624,2433.572345185318
Russia,2029,Forecast,1878.3425421334243,1253.8208444374964,2502.8642398293523
Russia,2030,Forecast,1858.2008893832676,1143.956036893428,2572.445741873107
Russia,2031,Forecast,1841.498388433071,1041.070952025801,2641.925824840341
Saudi Arabia,1971,Historical,287.0,,
Saudi Arabia,1972,Historical,273.0,,
Saudi Arabia,1973,Historical,317.0,,
Saudi Arabia,1974,Historical,328.0,,
Saudi Arabia,1975,Historical,364.0,,
Saudi Arabia,1976,Historical,484.0,,
Saudi Arabia,1977,Historical,479.0,,
Saudi Arabia,1978,Historical,503.0,,
Saudi Arabia,1979,Historical,532.0,,
Saudi Arabia,1980,Historical,559.0,,
Saudi Arabia,1981,Historical,607.0,,
Saudi Arabia,1982,Historical,580.0,,
Saudi Arabia,1983,Historical,487.0,,
Saudi Arabia,1984,Historical,617.0,,
Saudi Arabia,1985,Historical,628.0,,
Saudi Arabia,1986,Historical,854.0,,
Saudi Arabia,1987,Historical,1009.0,,
Saudi Arabia,1988,Historical,1076.0,,
Saudi Arabia,1989,Historical,1133.0,,
Saudi Arabia,1990,Historical,1381.0,,
Saudi Arabia,1991,Historical,1221.0,,
Saudi Arabia,1992,Historical,1282.0,,
Saudi Arabia,1993,Historical,1258.0,,
Saudi Arabia,1994,Historical,1314.0,,
Saudi Arabia,1995,Historical,1315.0,,
Saudi Arabia,1996,Historical,1463.0,,
Saudi Arabia,1997,Historical,1393.0,,
Saudi Arabia,1998,Historical,1350.0,,
Saudi Arabia,1999,Historical,1270.0,,
Saudi Arabia,2000,Historical,1143.0,,
Saudi Arabia,2001,Historical,1069.0,,
Saudi Arabia,2002,Historical,980.0,,
Saudi Arabia,2003,Historical,1135.0,,
Saudi Arabia,2004,Historical,1252.0,,
Saudi Arabia,2005,Historical,1312.0,,
Saudi Arabia,2006,Historical,1214.0,,
Saudi Arabia,2007,Historical,1047.0,,
Saudi Arabia,2008,Historical,1125.0,,
Saudi Arabia,2009,Historical,1139.0,,
Saudi Arabia,2010,Historical,1084.0,,
Saudi Arabia,2011,Historical,959.0,,
Saudi Arabia,2012,Historical,1082.0,,
Saudi Arabia,2013,Historical,1004.0,,
Saudi Arabia,2014,Historical,1190.0,,
Saudi Arabia,2015,Historical,1381.0,,
Saudi Arabia,2016,Historical,1718.0,,
Saudi Arabia,2017,Historical,1675.96974,,
Saudi Arabia,2018,Historical,2174.11144,,
Saudi Arabia,2019,Historical,1528.07364,,
Saudi Arabia,2020,Historical,1291.55462,,
Saudi Arabia,2021,Historical,1522.28483,,
Saudi Arabia,2022,Historical,1683.29764,,
Saudi Arabia,2023,Historical,1465.61132,,
Saudi Arabia,2024,Historical,1578.2099239999734,,
Saudi Arabia,2025,Forecast,1537.7344223451291,972.1851873597197,2103.2836573305385
Saudi Arabia,2026,Forecast,1511.8339385898291,817.1569312843802,2206.510945895278
Saudi Arabia,2027,Forecast,1495.2600844970714,739.5583580595589,2250.961810934584
Saudi Arabia,2028,Forecast,1484.6543891717163,695.4293797489237,2273.879398594509
Saudi Arabia,2029,Forecast,1477.8677496426878,668.1863737869986,2287.549125498377
Saudi Arabia,2030,Forecast,1473.524943755472,650.1858565618347,2296.8640309491093
Saudi Arabia,2031,Forecast,1470.7459597099264,637.5157443780276,2303.976175041825
Singapore,1971,Historical,306.0,,
Singapore,1972,Historical,320.0,,
Singapore,1973,Historical,333.0,,
Singapore,1974,Historical,365.0,,
Singapore,1975,Historical,289.0,,
Singapore,1976,Historical,332.0,,
Singapore,1977,Historical,399.0,,
Singapore,1978,Historical,397.0,,
Singapore,1979,Historical,440.0,,
Singapore,1980,Historical,568.0,,
Singapore,1981,Historical,666.0,,
Singapore,1982,Historical,734.0,,
Singapore,1983,Historical,745.0,,
Singapore,1984,Historical,611.0,,
Singapore,1985,Historical,582.0,,
Singapore,1986,Historical,580.0,,
Singapore,1987,Historical,583.0,,
Singapore,1988,Historical,624.0,,
Singapore,1989,Historical,673.0,,
Singapore,1990,Historical,740.0,,
Singapore,1991,Historical,755.0,,
Singapore,1992,Historical,813.0,,
Singapore,1993,Historical,880.0,,
Singapore,1994,Historical,960.0,,
Singapore,1995,Historical,981.0,,
Singapore,1996,Historical,1045.0,,
Singapore,1997,Historical,973.0,,
Singapore,1998,Historical,969.0,,
Singapore,1999,Historical,940.0,,
Singapore,2000,Historical,845.0,,
Singapore,2001,Historical,840.0,,
Singapore,2002,Historical,907.0,,
Singapore,2003,Historical,980.0,,
Singapore,2004,Historical,1082.0,,
Singapore,2005,Historical,1284.0,,
Singapore,2006,Historical,1337.0,,
Singapore,2007,Historical,1437.0,,
Singapore,2008,Historical,1562.0,,
Singapore,2009,Historical,1653.0,,
Singapore,2010,Historical,1759.0,,
Singapore,2011,Historical,1872.0,,
Singapore,2012,Historical,1678.0,,
Singapore,2013,Historical,1685.0,,
Singapore,2014,Historical,1716.0,,
Singapore,2015,Historical,1819.0,,
Singapore,2016,Historical,1955.0,,
Singapore,2017,Historical,2024.58552,,
Singapore,2018,Historical,1693.42242,,
Singapore,2019,Historical,1703.94655,,
Singapore,2020,Historical,1481.33607,,
Singapore,2021,Historical,1448.67819,,
Singapore,2022,Historical,1417.10181,,
Singapore,2023,Historical,1537.41981,,
Singapore,2024,Historical,1398.5101639999775,,
Singapore,2025,Forecast,1456.4853267447481,1194.9135287828908,1718.0571247066055
Singapore,2026,Forecast,1398.5122637480058,1040.531988801384,1756.4925386946277
Singapore,2027,Forecast,1456.4832270727688,1013.1217853787044,1899.8446687668334
Singapore,2028,Forecast,1398.5143633439393,892.2538035298155,1904.774923158063
Singapore,2029,Forecast,1456.481127552879,886.6399826559228,2026.322272449835
Singapore,2030,Forecast,1398.516462787789,778.4764386624396,2018.556486913138
Singapore,2031,Forecast,1456.4790281850671,783.5239830310011,2129.434073339133
South Korea,1971,Historical,20.0,,
South Korea,1972,Historical,16.0,,
South Korea,1973,Historical,22.0,,
South Korea,1974,Historical,23.0,,
South Korea,1975,Historical,22.0,,
South Korea,1976,Historical,29.0,,
South Korea,1977,Historical,22.0,,
South Korea,1978,Historical,7.0,,
South Korea,1979,Historical,2.0,,
South Korea,1980,Historical,0.0,,
South Korea,1981,Historical,8.0,,
South Korea,1982,Historical,19.0,,
South Korea,1983,Historical,44.0,,
South Korea,1984,Historical,65.0,,
South Korea,1985,Historical,72.0,,
South Korea,1986,Historical,74.0,,
South Korea,1987,Historical,88.0,,
South Korea,1988,Historical,84.0,,
South Korea,1989,Historical,94.0,,
South Korea,1990,Historical,74.0,,
South Korea,1991,Historical,190.0,,
South Korea,1992,Historical,250.0,,
South Korea,1993,Historical,282.0,,
South Korea,1994,Historical,236.0,,
South Korea,1995,Historical,311.0,,
South Korea,1996,Historical,423.0,,
South Korea,1997,Historical,624.0,,
South Korea,1998,Historical,807.0,,
South Korea,1999,Historical,803.0,,
South Korea,2000,Historical,821.0,,
South Korea,2001,Historical,808.0,,
South Korea,2002,Historical,649.0,,
South Korea,2003,Historical,574.0,,
South Korea,2004,Historical,644.0,,
South Korea,2005,Historical,711.0,,
South Korea,2006,Historical,791.0,,
South Korea,2007,Historical,800.0,,
South Korea,2008,Historical,912.0,,
South Korea,2009,Historical,907.0,,
South Korea,2010,Historical,936.0,,
South Korea,2011,Historical,1118.0,,
South Korea,2012,Historical,1204.0,,
South Korea,2013,Historical,1174.0,,
South Korea,2014,Historical,1228.0,,
South Korea,2015,Historical,1307.0,,
South Korea,2016,Historical,1331.0,,
South Korea,2017,Historical,1389.46482,,
South Korea,2018,Historical,1464.78197,,
South Korea,2019,Historical,1446.93888,,
South Korea,2020,Historical,1284.8877,,
South Korea,2021,Historical,1228.03842,,
South Korea,2022,Historical,1372.246,,
South Korea,2023,Historical,1363.80896,,
South Korea,2024,Historical,1411.31412,,
South Korea,2025,Forecast,1472.2704459149036,1331.0774192010713,1613.4634726287359
South Korea,2026,Forecast,1444.3226700694172,1193.0794084763593,1695.5659316624751
South Korea,2027,Forecast,1457.1364045421928,1149.6245806438783,1764.6482284405074
South Korea,2028,Forecast,1451.26145434771,1089.0991885499297,1813.4237201454903
South Korea,2029,Forecast,1453.955051585969,1047.3265198545992,1860.5835833173387
South Korea,2030,Forecast,1452.7200681662337,1004.8047468870243,1900.635389445443
South Korea,2031,Forecast,1453.286293890465,968.100938541218,1938.471649239712
UAE,1977,Historical,2.0,,
UAE,1978,Historical,4.0,,
UAE,1979,Historical,14.0,,
UAE,1980,Historical,18.0,,
UAE,1981,Historical,48.0,,
UAE,1982,Historical,60.0,,
UAE,1983,Historical,89.0,,
UAE,1984,Historical,98.0,,
UAE,1985,Historical,127.0,,
UAE,1986,Historical,135.0,,
UAE,1987,Historical,131.0,,
UAE,1988,Historical,102.0,,
UAE,1989,Historical,122.0,,
UAE,1990,Historical,139.0,,
UAE,1991,Historical,158.0,,
UAE,1992,Historical,182.0,,
UAE,1993,Historical,188.0,,
UAE,1994,Historical,159.0,,
UAE,1995,Historical,173.0,,
UAE,1996,Historical,187.0,,
UAE,1997,Historical,199.0,,
UAE,1998,Historical,244.0,,
UAE,1999,Historical,384.0,,
UAE,2000,Historical,532.0,,
UAE,2001,Historical,483.0,,
UAE,2002,Historical,460.0,,
UAE,2003,Historical,503.0,,
UAE,2004,Historical,578.0,,
UAE,2005,Historical,582.0,,
UAE,2006,Historical,472.0,,
UAE,2007,Historical,451.0,,
UAE,2008,Historical,450.0,,
UAE,2009,Historical,457.0,,
UAE,2010,Historical,543.0,,
UAE,2011,Historical,639.0,,
UAE,2012,Historical,707.0,,
UAE,2013,Historical,751.0,,
UAE,2014,Historical,527.0,,
UAE,2015,Historical,764.0,,
UAE,2016,Historical,913.0,,
UAE,2017,Historical,959.365504,,
UAE,2018,Historical,979.524474,,
UAE,2019,Historical,1033.86287,,
UAE,2020,Historical,1075.02721,,
UAE,2021,Historical,1163.6909,,
UAE,2022,Historical,1167.0676,,
UAE,2023,Historical,1157.14498,,
UAE,2024,Historical,1220.9400950000418,,
UAE,2025,Forecast,1220.8830700225667,993.7106581854598,1448.0554818596736
UAE,2026,Forecast,1220.9345916964626,899.5884804129266,1542.2807029799985
UAE,2027,Forecast,1220.8880422193988,827.3460136325859,1614.4300708062117
UAE,2028,Forecast,1220.9300993509137,766.477573266596,1675.3826254352314
UAE,2029,Forecast,1220.8921010226222,712.8144096118164,1728.9697924334282
UAE,2030,Forecast,1220.9264322501913,664.337496941085,1777.5153675592976
UAE,2031,Forecast,1220.8954142228358,619.7213818457279,1822.0694465999436
UK,1971,Historical,339.0,,
UK,1972,Historical,318.0,,
UK,1973,Historical,348.0,,
UK,1974,Historical,296.0,,
UK,1975,Historical,280.0,,
UK,1976,Historical,320.0,,
UK,1977,Historical,288.0,,
UK,1978,Historical,272.0,,
UK,1979,Historical,266.0,,
UK,1980,Historical,284.0,,
UK,1981,Historical,251.0,,
UK,1982,Historical,264.0,,
UK,1983,Historical,281.0,,
UK,1984,Historical,269.0,,
UK,1985,Historical,314.0,,
UK,1986,Historical,323.0,,
UK,1987,Historical,314.0,,
UK,1988,Historical,336.0,,
UK,1989,Historical,356.0,,
UK,1990,Historical,354.0,,
UK,1991,Historical,404.0,,
UK,1992,Historical,420.0,,
UK,1993,Historical,477.0,,
UK,1994,Historical,463.0,,
UK,1995,Historical,456.0,,
UK,1996,Historical,496.0,,
UK,1997,Historical,558.0,,
UK,1998,Historical,507.0,,
UK,1999,Historical,447.0,,
UK,2000,Historical,426.0,,
UK,2001,Historical,391.0,,
UK,2002,Historical,492.0,,
UK,2003,Historical,484.0,,
UK,2004,Historical,637.0,,
UK,2005,Historical,627.0,,
UK,2006,Historical,609.0,,
UK,2007,Historical,636.0,,
UK,2008,Historical,603.0,,
UK,2009,Historical,537.0,,
UK,2010,Historical,553.0,,
UK,2011,Historical,588.0,,
UK,2012,Historical,636.0,,
UK,2013,Historical,579.0,,
UK,2014,Historical,486.0,,
UK,2015,Historical,494.0,,
UK,2016,Historical,524.0,,
UK,2017,Historical,505.661888,,
UK,2018,Historical,484.741249,,
UK,2019,Historical,450.068767,,
UK,2020,Historical,396.706749,,
UK,2021,Historical,392.491397,,
UK,2022,Historical,452.581589,,
UK,2023,Historical,407.618795,,
UK,2024,Historical,408.659727,,
UK,2025,Forecast,423.92011354286353,344.4766810674383,503.3635460182888
UK,2026,Forecast,413.1934852221762,286.6775931306792,539.7093773136733
UK,2027,Forecast,420.73330440087057,268.2516503191362,573.214958482605
UK,2028,Forecast,415.43351479803994,236.04024183405866,594.8267877620212
UK,2029,Forecast,419.15877254873516,219.38419284848462,618.9333522489857
UK,2030,Forecast,416.54026382497324,196.3699625214892,636.7105651284572
UK,2031,Forecast,418.38083121528007,180.7944113595384,655.9672510710218
USA,1971,Historical,224.0,,
USA,1972,Historical,223.0,,
USA,1973,Historical,230.0,,
USA,1974,Historical,219.0,,
USA,1975,Historical,180.0,,
USA,1976,Historical,196.0,,
USA,1977,Historical,187.0,,
USA,1978,Historical,179.0,,
USA,1979,Historical,224.0,,
USA,1980,Historical,217.0,,
USA,1981,Historical,286.0,,
USA,1982,Historical,531.0,,
USA,1983,Historical,499.0,,
USA,1984,Historical,488.0,,
USA,1985,Historical,516.0,,
USA,1986,Historical,600.0,,
USA,1987,Historical,592.0,,
USA,1988,Historical,622.0,,
USA,1989,Historical,691.0,,
USA,1990,Historical,732.0,,
USA,1991,Historical,854.0,,
USA,1992,Historical,812.0,,
USA,1993,Historical,864.0,,
USA,1994,Historical,796.0,,
USA,1995,Historical,783.0,,
USA,1996,Historical,812.0,,
USA,1997,Historical,844.0,,
USA,1998,Historical,754.0,,
USA,1999,Historical,747.0,,
USA,2000,Historical,889.0,,
USA,2001,Historical,893.0,,
USA,2002,Historical,901.0,,
USA,2003,Historical,954.0,,
USA,2004,Historical,976.0,,
USA,2005,Historical,1059.0,,
USA,2006,Historical,1185.0,,
USA,2007,Historical,1304.0,,
USA,2008,Historical,1694.0,,
USA,2009,Historical,1825.0,,
USA,2010,Historical,2114.0,,
USA,2011,Historical,2592.0,,
USA,2012,Historical,2711.0,,
USA,2013,Historical,2799.0,,
USA,2014,Historical,3385.0,,
USA,2015,Historical,3723.0,,
USA,2016,Historical,4117.0,,
USA,2017,Historical,4657.24627,,
USA,2018,Historical,4975.87086,,
USA,2019,Historical,5022.86307,,
USA,2020,Historical,4782.31518,,
USA,2021,Historical,4991.73262,,
USA,2022,Historical,5423.93359,,
USA,2023,Historical,5592.32365,,
USA,2024,Historical,5840.91078,,
USA,2025,Forecast,6102.25475528072,5673.710659766171,6530.798850795269
USA,2026,Forecast,6237.181041819196,5209.185925437114,7265.176158201279
USA,2027,Forecast,6306.840588321113,4730.077530421625,7883.6036462206
USA,2028,Forecast,6342.8043174308505,4279.752736959428,8405.855897902273
USA,2029,Forecast,6361.3716190632695,3868.1298611874,8854.613376939138
USA,2030,Forecast,6370.957518480354,3493.7625392261916,9248.152497734518
USA,2031,Forecast,6375.906512655902,3151.952472692105,9599.860552619699
Venezuela,1971,Historical,1039.0,,
Venezuela,1972,Historical,1026.0,,
Venezuela,1973,Historical,1148.0,,
Venezuela,1974,Historical,986.0,,
Venezuela,1975,Historical,613.0,,
Venezuela,1976,Historical,763.0,,
Venezuela,1977,Historical,645.0,,
Venezuela,1978,Historical,699.0,,
Venezuela,1979,Historical,690.0,,
Venezuela,1980,Historical,562.0,,
Venezuela,1981,Historical,478.0,,
Venezuela,1982,Historical,482.0,,
Venezuela,1983,Historical,475.0,,
Venezuela,1984,Historical,499.0,,
Venezuela,1985,Historical,527.0,,
Venezuela,1986,Historical,559.0,,
Venezuela,1987,Historical,475.0,,
Venezuela,1988,Historical,618.0,,
Venezuela,1989,Historical,652.0,,
Venezuela,1990,Historical,616.0,,
Venezuela,1991,Historical,713.0,,
Venezuela,1992,Historical,613.0,,
Venezuela,1993,Historical,615.0,,
Venezuela,1994,Historical,670.0,,
Venezuela,1995,Historical,700.0,,
Venezuela,1996,Historical,747.0,,
Venezuela,1997,Historical,780.0,,
Venezuela,1998,Historical,806.0,,
Venezuela,1999,Historical,754.0,,
Venezuela,2000,Historical,730.0,,
Venezuela,2001,Historical,694.0,,
Venezuela,2002,Historical,602.0,,
Venezuela,2003,Historical,456.0,,
Venezuela,2004,Historical,669.0,,
Venezuela,2005,Historical,721.0,,
Venezuela,2006,Historical,563.0,,
Venezuela,2007,Historical,593.0,,
Venezuela,2008,Historical,540.0,,
Venezuela,2009,Historical,548.0,,
Venezuela,2010,Historical,389.0,,
Venezuela,2011,Historical,519.0,,
Venezuela,2012,Historical,393.0,,
Venezuela,2013,Historical,319.0,,
Venezuela,2014,Historical,361.0,,
Venezuela,2015,Historical,358.0,,
Venezuela,2016,Historical,282.0,,
Venezuela,2017,Historical,234.727668,,
Venezuela,2018,Historical,230.983236,,
Venezuela,2019,Historical,122.275893,,
Venezuela,2020,Historical,84.34515,,
Venezuela,2021,Historical,75.499825,,
Venezuela,2022,Historical,174.153255,,
Venezuela,2023,Historical,142.79686,,
Venezuela,2024,Historical,159.0692082999958,,
Venezuela,2025,Forecast,161.4480312377198,52.489688118476195,270.4063743569634
Venezuela,2026,Forecast,163.75093879298421,11.064216466765032,316.4376611192034
Venezuela,2027,Forecast,165.9803536535825,-19.333112828489988,351.293820135655
Venezuela,2028,Forecast,168.1386211920664,-43.92701583429718,380.20425821843
Venezuela,2029,Forecast,170.22801193310744,-64.7637967798843,405.21982064609915
Venezuela,2030,Forecast,172.2507239421175,-82.90412238162327,427.4055702658583
Venezuela,2031,Forecast,174.20888513764143,-98.98460860661257,447.4023788818954
