country,type,year,value,lower,upper,mape,order
CHINA,history,1971,1.0,,,8.9,"(2, 1, 2)"
CHINA,history,1972,3.0,,,8.9,"(2, 1, 2)"
CHINA,history,1973,3.0,,,8.9,"(2, 1, 2)"
CHINA,history,1974,3.0,,,8.9,"(2, 1, 2)"
CHINA,history,1975,4.0,,,8.9,"(2, 1, 2)"
CHINA,history,1976,3.0,,,8.9,"(2, 1, 2)"
CHINA,history,1977,4.0,,,8.9,"(2, 1, 2)"
CHINA,history,1978,4.0,,,8.9,"(2, 1, 2)"
CHINA,history,1979,2.0,,,8.9,"(2, 1, 2)"
CHINA,history,1980,9.0,,,8.9,"(2, 1, 2)"
CHINA,history,1981,13.0,,,8.9,"(2, 1, 2)"
CHINA,history,1982,18.0,,,8.9,"(2, 1, 2)"
CHINA,history,1983,19.0,,,8.9,"(2, 1, 2)"
CHINA,history,1984,17.0,,,8.9,"(2, 1, 2)"
CHINA,history,1985,17.0,,,8.9,"(2, 1, 2)"
CHINA,history,1986,61.0,,,8.9,"(2, 1, 2)"
CHINA,history,1987,62.0,,,8.9,"(2, 1, 2)"
CHINA,history,1988,79.0,,,8.9,"(2, 1, 2)"
CHINA,history,1989,134.0,,,8.9,"(2, 1, 2)"
CHINA,history,1990,71.0,,,8.9,"(2, 1, 2)"
CHINA,history,1991,98.0,,,8.9,"(2, 1, 2)"
CHINA,history,1992,147.0,,,8.9,"(2, 1, 2)"
CHINA,history,1993,373.0,,,8.9,"(2, 1, 2)"
CHINA,history,1994,288.0,,,8.9,"(2, 1, 2)"
CHINA,history,1995,358.0,,,8.9,"(2, 1, 2)"
CHINA,history,1996,415.0,,,8.9,"(2, 1, 2)"
CHINA,history,1997,616.0,,,8.9,"(2, 1, 2)"
CHINA,history,1998,577.0,,,8.9,"(2, 1, 2)"
CHINA,history,1999,515.0,,,8.9,"(2, 1, 2)"
CHINA,history,2000,513.0,,,8.9,"(2, 1, 2)"
CHINA,history,2001,576.0,,,8.9,"(2, 1, 2)"
CHINA,history,2002,632.0,,,8.9,"(2, 1, 2)"
CHINA,history,2003,785.0,,,8.9,"(2, 1, 2)"
CHINA,history,2004,950.0,,,8.9,"(2, 1, 2)"
CHINA,history,2005,839.0,,,8.9,"(2, 1, 2)"
CHINA,history,2006,904.0,,,8.9,"(2, 1, 2)"
CHINA,history,2007,854.0,,,8.9,"(2, 1, 2)"
CHINA,history,2008,921.0,,,8.9,"(2, 1, 2)"
CHINA,history,2009,961.0,,,8.9,"(2, 1, 2)"
CHINA,history,2010,968.0,,,8.9,"(2, 1, 2)"
CHINA,history,2011,1068.0,,,8.9,"(2, 1, 2)"
CHINA,history,2012,1028.0,,,8.9,"(2, 1, 2)"
CHINA,history,2013,1059.0,,,8.9,"(2, 1, 2)"
CHINA,history,2014,966.0,,,8.9,"(2, 1, 2)"
CHINA,history,2015,1156.0,,,8.9,"(2, 1, 2)"
CHINA,history,2016,1238.0,,,8.9,"(2, 1, 2)"
CHINA,history,2017,1399.47,,,8.9,"(2, 1, 2)"
CHINA,history,2018,1519.37,,,8.9,"(2, 1, 2)"
CHINA,history,2019,1475.75,,,8.9,"(2, 1, 2)"
CHINA,history,2020,1433.14,,,8.9,"(2, 1, 2)"
CHINA,history,2021,1572.55,,,8.9,"(2, 1, 2)"
CHINA,history,2022,1664.26,,,8.9,"(2, 1, 2)"
CHINA,history,2023,2310.42,,,8.9,"(2, 1, 2)"
CHINA,forecast,2024,2095.49,1077.06,4076.9,8.9,"(2, 1, 2)"
CHINA,forecast,2025,2129.37,1001.87,4525.78,8.9,"(2, 1, 2)"
CHINA,forecast,2026,2270.69,1016.68,5071.44,8.9,"(2, 1, 2)"
CHINA,forecast,2027,2464.83,1042.77,5826.17,8.9,"(2, 1, 2)"
CHINA,forecast,2028,2685.89,1048.36,6881.26,8.9,"(2, 1, 2)"
CHINA,forecast,2029,2919.98,1019.98,8359.27,8.9,"(2, 1, 2)"
CHINA,forecast,2030,3159.03,958.51,10411.47,8.9,"(2, 1, 2)"
SINGAPORE,history,1971,107.0,,,7.8,"(0, 1, 3)"
SINGAPORE,history,1972,115.0,,,7.8,"(0, 1, 3)"
SINGAPORE,history,1973,120.0,,,7.8,"(0, 1, 3)"
SINGAPORE,history,1974,84.0,,,7.8,"(0, 1, 3)"
SINGAPORE,history,1975,102.0,,,7.8,"(0, 1, 3)"
SINGAPORE,history,1976,130.0,,,7.8,"(0, 1, 3)"
SINGAPORE,history,1977,85.0,,,7.8,"(0, 1, 3)"
SINGAPORE,history,1978,65.0,,,7.8,"(0, 1, 3)"
SINGAPORE,history,1979,80.0,,,7.8,"(0, 1, 3)"
SINGAPORE,history,1980,101.0,,,7.8,"(0, 1, 3)"
SINGAPORE,history,1981,83.0,,,7.8,"(0, 1, 3)"
SINGAPORE,history,1982,173.0,,,7.8,"(0, 1, 3)"
SINGAPORE,history,1983,181.0,,,7.8,"(0, 1, 3)"
SINGAPORE,history,1984,115.0,,,7.8,"(0, 1, 3)"
SINGAPORE,history,1985,198.0,,,7.8,"(0, 1, 3)"
SINGAPORE,history,1986,223.0,,,7.8,"(0, 1, 3)"
SINGAPORE,history,1987,284.0,,,7.8,"(0, 1, 3)"
SINGAPORE,history,1988,386.0,,,7.8,"(0, 1, 3)"
SINGAPORE,history,1989,342.0,,,7.8,"(0, 1, 3)"
SINGAPORE,history,1990,348.0,,,7.8,"(0, 1, 3)"
SINGAPORE,history,1991,352.0,,,7.8,"(0, 1, 3)"
SINGAPORE,history,1992,430.0,,,7.8,"(0, 1, 3)"
SINGAPORE,history,1993,436.0,,,7.8,"(0, 1, 3)"
SINGAPORE,history,1994,489.0,,,7.8,"(0, 1, 3)"
SINGAPORE,history,1995,531.0,,,7.8,"(0, 1, 3)"
SINGAPORE,history,1996,580.0,,,7.8,"(0, 1, 3)"
SINGAPORE,history,1997,637.0,,,7.8,"(0, 1, 3)"
SINGAPORE,history,1998,639.0,,,7.8,"(0, 1, 3)"
SINGAPORE,history,1999,773.0,,,7.8,"(0, 1, 3)"
SINGAPORE,history,2000,756.0,,,7.8,"(0, 1, 3)"
SINGAPORE,history,2001,831.0,,,7.8,"(0, 1, 3)"
SINGAPORE,history,2002,874.0,,,7.8,"(0, 1, 3)"
SINGAPORE,history,2003,885.0,,,7.8,"(0, 1, 3)"
SINGAPORE,history,2004,993.0,,,7.8,"(0, 1, 3)"
SINGAPORE,history,2005,959.0,,,7.8,"(0, 1, 3)"
SINGAPORE,history,2006,1117.0,,,7.8,"(0, 1, 3)"
SINGAPORE,history,2007,1242.0,,,7.8,"(0, 1, 3)"
SINGAPORE,history,2008,1488.0,,,7.8,"(0, 1, 3)"
SINGAPORE,history,2009,1886.0,,,7.8,"(0, 1, 3)"
SINGAPORE,history,2010,2049.0,,,7.8,"(0, 1, 3)"
SINGAPORE,history,2011,2116.0,,,7.8,"(0, 1, 3)"
SINGAPORE,history,2012,1924.0,,,7.8,"(0, 1, 3)"
SINGAPORE,history,2013,2047.0,,,7.8,"(0, 1, 3)"
SINGAPORE,history,2014,2108.0,,,7.8,"(0, 1, 3)"
SINGAPORE,history,2015,2301.0,,,7.8,"(0, 1, 3)"
SINGAPORE,history,2016,2425.0,,,7.8,"(0, 1, 3)"
SINGAPORE,history,2017,2509.88,,,7.8,"(0, 1, 3)"
SINGAPORE,history,2018,2171.04,,,7.8,"(0, 1, 3)"
SINGAPORE,history,2019,2191.37,,,7.8,"(0, 1, 3)"
SINGAPORE,history,2020,2060.1,,,7.8,"(0, 1, 3)"
SINGAPORE,history,2021,1956.97,,,7.8,"(0, 1, 3)"
SINGAPORE,history,2022,1977.85,,,7.8,"(0, 1, 3)"
SINGAPORE,history,2023,2186.86,,,7.8,"(0, 1, 3)"
SINGAPORE,forecast,2024,2302.27,1614.43,3283.15,7.8,"(0, 1, 3)"
SINGAPORE,forecast,2025,2109.2,1256.8,3539.71,7.8,"(0, 1, 3)"
SINGAPORE,forecast,2026,2266.63,1272.39,4037.77,7.8,"(0, 1, 3)"
SINGAPORE,forecast,2027,2266.63,1126.59,4560.33,7.8,"(0, 1, 3)"
SINGAPORE,forecast,2028,2266.63,1015.87,5057.39,7.8,"(0, 1, 3)"
SINGAPORE,forecast,2029,2266.63,926.98,5542.32,7.8,"(0, 1, 3)"
SINGAPORE,forecast,2030,2266.63,853.13,6022.09,7.8,"(0, 1, 3)"
NETHERLAN,history,1971,173.0,,,11.3,"(1, 1, 0)"
NETHERLAN,history,1972,173.0,,,11.3,"(1, 1, 0)"
NETHERLAN,history,1973,213.0,,,11.3,"(1, 1, 0)"
NETHERLAN,history,1974,233.0,,,11.3,"(1, 1, 0)"
NETHERLAN,history,1975,205.0,,,11.3,"(1, 1, 0)"
NETHERLAN,history,1976,216.0,,,11.3,"(1, 1, 0)"
NETHERLAN,history,1977,205.0,,,11.3,"(1, 1, 0)"
NETHERLAN,history,1978,295.0,,,11.3,"(1, 1, 0)"
NETHERLAN,history,1979,419.0,,,11.3,"(1, 1, 0)"
NETHERLAN,history,1980,606.0,,,11.3,"(1, 1, 0)"
NETHERLAN,history,1981,696.0,,,11.3,"(1, 1, 0)"
NETHERLAN,history,1982,769.0,,,11.3,"(1, 1, 0)"
NETHERLAN,history,1983,785.0,,,11.3,"(1, 1, 0)"
NETHERLAN,history,1984,716.0,,,11.3,"(1, 1, 0)"
NETHERLAN,history,1985,806.0,,,11.3,"(1, 1, 0)"
NETHERLAN,history,1986,865.0,,,11.3,"(1, 1, 0)"
NETHERLAN,history,1987,759.0,,,11.3,"(1, 1, 0)"
NETHERLAN,history,1988,751.0,,,11.3,"(1, 1, 0)"
NETHERLAN,history,1989,834.0,,,11.3,"(1, 1, 0)"
NETHERLAN,history,1990,882.0,,,11.3,"(1, 1, 0)"
NETHERLAN,history,1991,795.0,,,11.3,"(1, 1, 0)"
NETHERLAN,history,1992,686.0,,,11.3,"(1, 1, 0)"
NETHERLAN,history,1993,717.0,,,11.3,"(1, 1, 0)"
NETHERLAN,history,1994,667.0,,,11.3,"(1, 1, 0)"
NETHERLAN,history,1995,615.0,,,11.3,"(1, 1, 0)"
NETHERLAN,history,1996,656.0,,,11.3,"(1, 1, 0)"
NETHERLAN,history,1997,766.0,,,11.3,"(1, 1, 0)"
NETHERLAN,history,1998,725.0,,,11.3,"(1, 1, 0)"
NETHERLAN,history,1999,762.0,,,11.3,"(1, 1, 0)"
NETHERLAN,history,2000,906.0,,,11.3,"(1, 1, 0)"
NETHERLAN,history,2001,927.0,,,11.3,"(1, 1, 0)"
NETHERLAN,history,2002,1026.0,,,11.3,"(1, 1, 0)"
NETHERLAN,history,2003,1012.0,,,11.3,"(1, 1, 0)"
NETHERLAN,history,2004,1177.0,,,11.3,"(1, 1, 0)"
NETHERLAN,history,2005,1291.0,,,11.3,"(1, 1, 0)"
NETHERLAN,history,2006,1433.0,,,11.3,"(1, 1, 0)"
NETHERLAN,history,2007,1354.0,,,11.3,"(1, 1, 0)"
NETHERLAN,history,2008,1448.0,,,11.3,"(1, 1, 0)"
NETHERLAN,history,2009,1591.0,,,11.3,"(1, 1, 0)"
NETHERLAN,history,2010,1730.0,,,11.3,"(1, 1, 0)"
NETHERLAN,history,2011,1732.0,,,11.3,"(1, 1, 0)"
NETHERLAN,history,2012,1830.0,,,11.3,"(1, 1, 0)"
NETHERLAN,history,2013,1823.0,,,11.3,"(1, 1, 0)"
NETHERLAN,history,2014,1770.0,,,11.3,"(1, 1, 0)"
NETHERLAN,history,2015,1973.0,,,11.3,"(1, 1, 0)"
NETHERLAN,history,2016,1952.0,,,11.3,"(1, 1, 0)"
NETHERLAN,history,2017,1966.68,,,11.3,"(1, 1, 0)"
NETHERLAN,history,2018,1937.78,,,11.3,"(1, 1, 0)"
NETHERLAN,history,2019,1850.22,,,11.3,"(1, 1, 0)"
NETHERLAN,history,2020,1569.76,,,11.3,"(1, 1, 0)"
NETHERLAN,history,2021,1763.79,,,11.3,"(1, 1, 0)"
NETHERLAN,history,2022,1822.76,,,11.3,"(1, 1, 0)"
NETHERLAN,history,2023,1653.4,,,11.3,"(1, 1, 0)"
NETHERLAN,forecast,2024,1591.46,1271.48,1991.96,11.3,"(1, 1, 0)"
NETHERLAN,forecast,2025,1567.84,1067.21,2303.32,11.3,"(1, 1, 0)"
NETHERLAN,forecast,2026,1558.69,928.63,2616.24,11.3,"(1, 1, 0)"
NETHERLAN,forecast,2027,1555.12,827.52,2922.45,11.3,"(1, 1, 0)"
NETHERLAN,forecast,2028,1553.72,749.42,3221.25,11.3,"(1, 1, 0)"
NETHERLAN,forecast,2029,1553.18,686.44,3514.31,11.3,"(1, 1, 0)"
NETHERLAN,forecast,2030,1552.96,634.05,3803.67,11.3,"(1, 1, 0)"
USA,history,1971,2078.0,,,5.6,"(2, 0, 1)"
USA,history,1972,2313.0,,,5.6,"(2, 0, 1)"
USA,history,1973,2715.0,,,5.6,"(2, 0, 1)"
USA,history,1974,2400.0,,,5.6,"(2, 0, 1)"
USA,history,1975,1362.0,,,5.6,"(2, 0, 1)"
USA,history,1976,1406.0,,,5.6,"(2, 0, 1)"
USA,history,1977,1713.0,,,5.6,"(2, 0, 1)"
USA,history,1978,1470.0,,,5.6,"(2, 0, 1)"
USA,history,1979,1248.0,,,5.6,"(2, 0, 1)"
USA,history,1980,1011.0,,,5.6,"(2, 0, 1)"
USA,history,1981,966.0,,,5.6,"(2, 0, 1)"
USA,history,1982,1013.0,,,5.6,"(2, 0, 1)"
USA,history,1983,1135.0,,,5.6,"(2, 0, 1)"
USA,history,1984,1355.0,,,5.6,"(2, 0, 1)"
USA,history,1985,1184.0,,,5.6,"(2, 0, 1)"
USA,history,1986,1343.0,,,5.6,"(2, 0, 1)"
USA,history,1987,1327.0,,,5.6,"(2, 0, 1)"
USA,history,1988,1592.0,,,5.6,"(2, 0, 1)"
USA,history,1989,1458.0,,,5.6,"(2, 0, 1)"
USA,history,1990,1264.0,,,5.6,"(2, 0, 1)"
USA,history,1991,1086.0,,,5.6,"(2, 0, 1)"
USA,history,1992,1067.0,,,5.6,"(2, 0, 1)"
USA,history,1993,1001.0,,,5.6,"(2, 0, 1)"
USA,history,1994,1058.0,,,5.6,"(2, 0, 1)"
USA,history,1995,866.0,,,5.6,"(2, 0, 1)"
USA,history,1996,1122.0,,,5.6,"(2, 0, 1)"
USA,history,1997,1113.0,,,5.6,"(2, 0, 1)"
USA,history,1998,1208.0,,,5.6,"(2, 0, 1)"
USA,history,1999,1303.0,,,5.6,"(2, 0, 1)"
USA,history,2000,1569.0,,,5.6,"(2, 0, 1)"
USA,history,2001,1699.0,,,5.6,"(2, 0, 1)"
USA,history,2002,1617.0,,,5.6,"(2, 0, 1)"
USA,history,2003,1782.0,,,5.6,"(2, 0, 1)"
USA,history,2004,2058.0,,,5.6,"(2, 0, 1)"
USA,history,2005,2455.0,,,5.6,"(2, 0, 1)"
USA,history,2006,2362.0,,,5.6,"(2, 0, 1)"
USA,history,2007,2265.0,,,5.6,"(2, 0, 1)"
USA,history,2008,1940.0,,,5.6,"(2, 0, 1)"
USA,history,2009,1710.0,,,5.6,"(2, 0, 1)"
USA,history,2010,1743.0,,,5.6,"(2, 0, 1)"
USA,history,2011,1590.0,,,5.6,"(2, 0, 1)"
USA,history,2012,1488.0,,,5.6,"(2, 0, 1)"
USA,history,2013,1495.0,,,5.6,"(2, 0, 1)"
USA,history,2014,1429.0,,,5.6,"(2, 0, 1)"
USA,history,2015,1595.0,,,5.6,"(2, 0, 1)"
USA,history,2016,1599.0,,,5.6,"(2, 0, 1)"
USA,history,2017,1579.26,,,5.6,"(2, 0, 1)"
USA,history,2018,1639.46,,,5.6,"(2, 0, 1)"
USA,history,2019,1760.88,,,5.6,"(2, 0, 1)"
USA,history,2020,1532.09,,,5.6,"(2, 0, 1)"
USA,history,2021,1832.35,,,5.6,"(2, 0, 1)"
USA,history,2022,1559.38,,,5.6,"(2, 0, 1)"
USA,history,2023,1540.85,,,5.6,"(2, 0, 1)"
USA,forecast,2024,1484.09,1148.9,1917.08,5.6,"(2, 0, 1)"
USA,forecast,2025,1436.79,1027.63,2008.85,5.6,"(2, 0, 1)"
USA,forecast,2026,1398.5,957.92,2041.73,5.6,"(2, 0, 1)"
USA,forecast,2027,1368.66,915.73,2045.62,5.6,"(2, 0, 1)"
USA,forecast,2028,1346.6,890.75,2035.73,5.6,"(2, 0, 1)"
USA,forecast,2029,1331.6,877.06,2021.71,5.6,"(2, 0, 1)"
USA,forecast,2030,1322.95,870.73,2010.03,5.6,"(2, 0, 1)"
INDIA,history,1971,38.0,,,22.6,"(1, 1, 0)"
INDIA,history,1972,62.0,,,22.6,"(1, 1, 0)"
INDIA,history,1973,69.0,,,22.6,"(1, 1, 0)"
INDIA,history,1974,56.0,,,22.6,"(1, 1, 0)"
INDIA,history,1975,45.0,,,22.6,"(1, 1, 0)"
INDIA,history,1976,44.0,,,22.6,"(1, 1, 0)"
INDIA,history,1977,54.0,,,22.6,"(1, 1, 0)"
INDIA,history,1978,72.0,,,22.6,"(1, 1, 0)"
INDIA,history,1979,95.0,,,22.6,"(1, 1, 0)"
INDIA,history,1980,144.0,,,22.6,"(1, 1, 0)"
INDIA,history,1981,103.0,,,22.6,"(1, 1, 0)"
INDIA,history,1982,102.0,,,22.6,"(1, 1, 0)"
INDIA,history,1983,86.0,,,22.6,"(1, 1, 0)"
INDIA,history,1984,116.0,,,22.6,"(1, 1, 0)"
INDIA,history,1985,90.0,,,22.6,"(1, 1, 0)"
INDIA,history,1986,66.0,,,22.6,"(1, 1, 0)"
INDIA,history,1987,80.0,,,22.6,"(1, 1, 0)"
INDIA,history,1988,127.0,,,22.6,"(1, 1, 0)"
INDIA,history,1989,137.0,,,22.6,"(1, 1, 0)"
INDIA,history,1990,183.0,,,22.6,"(1, 1, 0)"
INDIA,history,1991,197.0,,,22.6,"(1, 1, 0)"
INDIA,history,1992,236.0,,,22.6,"(1, 1, 0)"
INDIA,history,1993,254.0,,,22.6,"(1, 1, 0)"
INDIA,history,1994,294.0,,,22.6,"(1, 1, 0)"
INDIA,history,1995,416.0,,,22.6,"(1, 1, 0)"
INDIA,history,1996,420.0,,,22.6,"(1, 1, 0)"
INDIA,history,1997,491.0,,,22.6,"(1, 1, 0)"
INDIA,history,1998,514.0,,,22.6,"(1, 1, 0)"
INDIA,history,1999,364.0,,,22.6,"(1, 1, 0)"
INDIA,history,2000,203.0,,,22.6,"(1, 1, 0)"
INDIA,history,2001,154.0,,,22.6,"(1, 1, 0)"
INDIA,history,2002,161.0,,,22.6,"(1, 1, 0)"
INDIA,history,2003,188.0,,,22.6,"(1, 1, 0)"
INDIA,history,2004,214.0,,,22.6,"(1, 1, 0)"
INDIA,history,2005,293.0,,,22.6,"(1, 1, 0)"
INDIA,history,2006,384.0,,,22.6,"(1, 1, 0)"
INDIA,history,2007,500.0,,,22.6,"(1, 1, 0)"
INDIA,history,2008,411.0,,,22.6,"(1, 1, 0)"
INDIA,history,2009,319.0,,,22.6,"(1, 1, 0)"
INDIA,history,2010,400.0,,,22.6,"(1, 1, 0)"
INDIA,history,2011,382.0,,,22.6,"(1, 1, 0)"
INDIA,history,2012,386.0,,,22.6,"(1, 1, 0)"
INDIA,history,2013,392.0,,,22.6,"(1, 1, 0)"
INDIA,history,2014,493.0,,,22.6,"(1, 1, 0)"
INDIA,history,2015,651.0,,,22.6,"(1, 1, 0)"
INDIA,history,2016,787.0,,,22.6,"(1, 1, 0)"
INDIA,history,2017,780.41,,,22.6,"(1, 1, 0)"
INDIA,history,2018,783.57,,,22.6,"(1, 1, 0)"
INDIA,history,2019,994.35,,,22.6,"(1, 1, 0)"
INDIA,history,2020,1001.25,,,22.6,"(1, 1, 0)"
INDIA,history,2021,935.43,,,22.6,"(1, 1, 0)"
INDIA,history,2022,1044.85,,,22.6,"(1, 1, 0)"
INDIA,history,2023,1113.25,,,22.6,"(1, 1, 0)"
INDIA,forecast,2024,1138.78,739.07,1754.68,22.6,"(1, 1, 0)"
INDIA,forecast,2025,1148.06,553.82,2379.9,22.6,"(1, 1, 0)"
INDIA,forecast,2026,1151.39,435.8,3042.04,22.6,"(1, 1, 0)"
INDIA,forecast,2027,1152.59,355.7,3734.78,22.6,"(1, 1, 0)"
INDIA,forecast,2028,1153.02,298.09,4459.93,22.6,"(1, 1, 0)"
INDIA,forecast,2029,1153.17,254.67,5221.73,22.6,"(1, 1, 0)"
INDIA,forecast,2030,1153.22,220.75,6024.62,22.6,"(1, 1, 0)"
MEXICO,history,1971,49.0,,,14.9,"(2, 1, 3)"
MEXICO,history,1972,67.0,,,14.9,"(2, 1, 3)"
MEXICO,history,1973,83.0,,,14.9,"(2, 1, 3)"
MEXICO,history,1974,59.0,,,14.9,"(2, 1, 3)"
MEXICO,history,1975,65.0,,,14.9,"(2, 1, 3)"
MEXICO,history,1976,41.0,,,14.9,"(2, 1, 3)"
MEXICO,history,1977,24.0,,,14.9,"(2, 1, 3)"
MEXICO,history,1978,38.0,,,14.9,"(2, 1, 3)"
MEXICO,history,1979,29.0,,,14.9,"(2, 1, 3)"
MEXICO,history,1980,25.0,,,14.9,"(2, 1, 3)"
MEXICO,history,1981,10.0,,,14.9,"(2, 1, 3)"
MEXICO,history,1982,8.0,,,14.9,"(2, 1, 3)"
MEXICO,history,1983,18.0,,,14.9,"(2, 1, 3)"
MEXICO,history,1984,35.0,,,14.9,"(2, 1, 3)"
MEXICO,history,1985,54.0,,,14.9,"(2, 1, 3)"
MEXICO,history,1986,64.0,,,14.9,"(2, 1, 3)"
MEXICO,history,1987,74.0,,,14.9,"(2, 1, 3)"
MEXICO,history,1988,86.0,,,14.9,"(2, 1, 3)"
MEXICO,history,1989,125.0,,,14.9,"(2, 1, 3)"
MEXICO,history,1990,102.0,,,14.9,"(2, 1, 3)"
MEXICO,history,1991,134.0,,,14.9,"(2, 1, 3)"
MEXICO,history,1992,163.0,,,14.9,"(2, 1, 3)"
MEXICO,history,1993,169.0,,,14.9,"(2, 1, 3)"
MEXICO,history,1994,180.0,,,14.9,"(2, 1, 3)"
MEXICO,history,1995,135.0,,,14.9,"(2, 1, 3)"
MEXICO,history,1996,175.0,,,14.9,"(2, 1, 3)"
MEXICO,history,1997,292.0,,,14.9,"(2, 1, 3)"
MEXICO,history,1998,326.0,,,14.9,"(2, 1, 3)"
MEXICO,history,1999,367.0,,,14.9,"(2, 1, 3)"
MEXICO,history,2000,453.0,,,14.9,"(2, 1, 3)"
MEXICO,history,2001,397.0,,,14.9,"(2, 1, 3)"
MEXICO,history,2002,364.0,,,14.9,"(2, 1, 3)"
MEXICO,history,2003,309.0,,,14.9,"(2, 1, 3)"
MEXICO,history,2004,333.0,,,14.9,"(2, 1, 3)"
MEXICO,history,2005,414.0,,,14.9,"(2, 1, 3)"
MEXICO,history,2006,468.0,,,14.9,"(2, 1, 3)"
MEXICO,history,2007,529.0,,,14.9,"(2, 1, 3)"
MEXICO,history,2008,583.0,,,14.9,"(2, 1, 3)"
MEXICO,history,2009,530.0,,,14.9,"(2, 1, 3)"
MEXICO,history,2010,648.0,,,14.9,"(2, 1, 3)"
MEXICO,history,2011,705.0,,,14.9,"(2, 1, 3)"
MEXICO,history,2012,696.0,,,14.9,"(2, 1, 3)"
MEXICO,history,2013,624.0,,,14.9,"(2, 1, 3)"
MEXICO,history,2014,655.0,,,14.9,"(2, 1, 3)"
MEXICO,history,2015,755.0,,,14.9,"(2, 1, 3)"
MEXICO,history,2016,924.0,,,14.9,"(2, 1, 3)"
MEXICO,history,2017,1099.96,,,14.9,"(2, 1, 3)"
MEXICO,history,2018,1153.28,,,14.9,"(2, 1, 3)"
MEXICO,history,2019,1165.58,,,14.9,"(2, 1, 3)"
MEXICO,history,2020,984.83,,,14.9,"(2, 1, 3)"
MEXICO,history,2021,1068.19,,,14.9,"(2, 1, 3)"
MEXICO,history,2022,1080.56,,,14.9,"(2, 1, 3)"
MEXICO,history,2023,1050.26,,,14.9,"(2, 1, 3)"
MEXICO,forecast,2024,1002.86,627.82,1601.93,14.9,"(2, 1, 3)"
MEXICO,forecast,2025,936.16,397.63,2204.07,14.9,"(2, 1, 3)"
MEXICO,forecast,2026,1008.92,298.08,3414.88,14.9,"(2, 1, 3)"
MEXICO,forecast,2027,970.48,219.7,4286.9,14.9,"(2, 1, 3)"
MEXICO,forecast,2028,961.74,181.36,5099.97,14.9,"(2, 1, 3)"
MEXICO,forecast,2029,1000.89,151.69,6604.15,14.9,"(2, 1, 3)"
MEXICO,forecast,2030,960.35,123.67,7457.88,14.9,"(2, 1, 3)"
KOREA,history,1974,4.0,,,2.9,"(3, 1, 1)"
KOREA,history,1975,5.0,,,2.9,"(3, 1, 1)"
KOREA,history,1976,nan,,,2.9,"(3, 1, 1)"
KOREA,history,1977,15.0,,,2.9,"(3, 1, 1)"
KOREA,history,1978,10.0,,,2.9,"(3, 1, 1)"
KOREA,history,1979,28.0,,,2.9,"(3, 1, 1)"
KOREA,history,1980,38.0,,,2.9,"(3, 1, 1)"
KOREA,history,1981,36.0,,,2.9,"(3, 1, 1)"
KOREA,history,1982,54.0,,,2.9,"(3, 1, 1)"
KOREA,history,1983,59.0,,,2.9,"(3, 1, 1)"
KOREA,history,1984,66.0,,,2.9,"(3, 1, 1)"
KOREA,history,1985,65.0,,,2.9,"(3, 1, 1)"
KOREA,history,1986,85.0,,,2.9,"(3, 1, 1)"
KOREA,history,1987,131.0,,,2.9,"(3, 1, 1)"
KOREA,history,1988,114.0,,,2.9,"(3, 1, 1)"
KOREA,history,1989,134.0,,,2.9,"(3, 1, 1)"
KOREA,history,1990,275.0,,,2.9,"(3, 1, 1)"
KOREA,history,1991,298.0,,,2.9,"(3, 1, 1)"
KOREA,history,1992,368.0,,,2.9,"(3, 1, 1)"
KOREA,history,1993,452.0,,,2.9,"(3, 1, 1)"
KOREA,history,1994,514.0,,,2.9,"(3, 1, 1)"
KOREA,history,1995,554.0,,,2.9,"(3, 1, 1)"
KOREA,history,1996,601.0,,,2.9,"(3, 1, 1)"
KOREA,history,1997,507.0,,,2.9,"(3, 1, 1)"
KOREA,history,1998,477.0,,,2.9,"(3, 1, 1)"
KOREA,history,1999,512.0,,,2.9,"(3, 1, 1)"
KOREA,history,2000,565.0,,,2.9,"(3, 1, 1)"
KOREA,history,2001,564.0,,,2.9,"(3, 1, 1)"
KOREA,history,2002,631.0,,,2.9,"(3, 1, 1)"
KOREA,history,2003,606.0,,,2.9,"(3, 1, 1)"
KOREA,history,2004,531.0,,,2.9,"(3, 1, 1)"
KOREA,history,2005,494.0,,,2.9,"(3, 1, 1)"
KOREA,history,2006,526.0,,,2.9,"(3, 1, 1)"
KOREA,history,2007,576.0,,,2.9,"(3, 1, 1)"
KOREA,history,2008,621.0,,,2.9,"(3, 1, 1)"
KOREA,history,2009,733.0,,,2.9,"(3, 1, 1)"
KOREA,history,2010,770.0,,,2.9,"(3, 1, 1)"
KOREA,history,2011,771.0,,,2.9,"(3, 1, 1)"
KOREA,history,2012,859.0,,,2.9,"(3, 1, 1)"
KOREA,history,2013,910.0,,,2.9,"(3, 1, 1)"
KOREA,history,2014,894.0,,,2.9,"(3, 1, 1)"
KOREA,history,2015,847.0,,,2.9,"(3, 1, 1)"
KOREA,history,2016,922.0,,,2.9,"(3, 1, 1)"
KOREA,history,2017,868.22,,,2.9,"(3, 1, 1)"
KOREA,history,2018,932.68,,,2.9,"(3, 1, 1)"
KOREA,history,2019,962.15,,,2.9,"(3, 1, 1)"
KOREA,history,2020,938.86,,,2.9,"(3, 1, 1)"
KOREA,history,2021,1065.07,,,2.9,"(3, 1, 1)"
KOREA,history,2022,991.66,,,2.9,"(3, 1, 1)"
KOREA,history,2023,1007.84,,,2.9,"(3, 1, 1)"
KOREA,forecast,2024,1099.33,749.31,1612.84,2.9,"(3, 1, 1)"
KOREA,forecast,2025,1077.85,636.36,1825.63,2.9,"(3, 1, 1)"
KOREA,forecast,2026,1072.43,580.78,1980.26,2.9,"(3, 1, 1)"
KOREA,forecast,2027,1138.06,496.02,2611.15,2.9,"(3, 1, 1)"
KOREA,forecast,2028,1147.18,402.86,3266.75,2.9,"(3, 1, 1)"
KOREA,forecast,2029,1139.34,340.1,3816.83,2.9,"(3, 1, 1)"
KOREA,forecast,2030,1182.47,284.49,4914.95,2.9,"(3, 1, 1)"
JAPAN,history,1971,598.0,,,3.2,"(0, 1, 0)"
JAPAN,history,1972,608.0,,,3.2,"(0, 1, 0)"
JAPAN,history,1973,577.0,,,3.2,"(0, 1, 0)"
JAPAN,history,1974,636.0,,,3.2,"(0, 1, 0)"
JAPAN,history,1975,459.0,,,3.2,"(0, 1, 0)"
JAPAN,history,1976,624.0,,,3.2,"(0, 1, 0)"
JAPAN,history,1977,650.0,,,3.2,"(0, 1, 0)"
JAPAN,history,1978,665.0,,,3.2,"(0, 1, 0)"
JAPAN,history,1979,767.0,,,3.2,"(0, 1, 0)"
JAPAN,history,1980,672.0,,,3.2,"(0, 1, 0)"
JAPAN,history,1981,659.0,,,3.2,"(0, 1, 0)"
JAPAN,history,1982,740.0,,,3.2,"(0, 1, 0)"
JAPAN,history,1983,827.0,,,3.2,"(0, 1, 0)"
JAPAN,history,1984,883.0,,,3.2,"(0, 1, 0)"
JAPAN,history,1985,928.0,,,3.2,"(0, 1, 0)"
JAPAN,history,1986,1111.0,,,3.2,"(0, 1, 0)"
JAPAN,history,1987,1330.0,,,3.2,"(0, 1, 0)"
JAPAN,history,1988,1443.0,,,3.2,"(0, 1, 0)"
JAPAN,history,1989,1547.0,,,3.2,"(0, 1, 0)"
JAPAN,history,1990,1356.0,,,3.2,"(0, 1, 0)"
JAPAN,history,1991,1238.0,,,3.2,"(0, 1, 0)"
JAPAN,history,1992,1197.0,,,3.2,"(0, 1, 0)"
JAPAN,history,1993,1107.0,,,3.2,"(0, 1, 0)"
JAPAN,history,1994,1171.0,,,3.2,"(0, 1, 0)"
JAPAN,history,1995,1283.0,,,3.2,"(0, 1, 0)"
JAPAN,history,1996,1336.0,,,3.2,"(0, 1, 0)"
JAPAN,history,1997,1176.0,,,3.2,"(0, 1, 0)"
JAPAN,history,1998,1147.0,,,3.2,"(0, 1, 0)"
JAPAN,history,1999,1261.0,,,3.2,"(0, 1, 0)"
JAPAN,history,2000,1251.0,,,3.2,"(0, 1, 0)"
JAPAN,history,2001,1159.0,,,3.2,"(0, 1, 0)"
JAPAN,history,2002,1223.0,,,3.2,"(0, 1, 0)"
JAPAN,history,2003,1210.0,,,3.2,"(0, 1, 0)"
JAPAN,history,2004,1203.0,,,3.2,"(0, 1, 0)"
JAPAN,history,2005,1195.0,,,3.2,"(0, 1, 0)"
JAPAN,history,2006,1150.0,,,3.2,"(0, 1, 0)"
JAPAN,history,2007,1062.0,,,3.2,"(0, 1, 0)"
JAPAN,history,2008,1002.0,,,3.2,"(0, 1, 0)"
JAPAN,history,2009,968.0,,,3.2,"(0, 1, 0)"
JAPAN,history,2010,1056.0,,,3.2,"(0, 1, 0)"
JAPAN,history,2011,1142.0,,,3.2,"(0, 1, 0)"
JAPAN,history,2012,1197.0,,,3.2,"(0, 1, 0)"
JAPAN,history,2013,1085.0,,,3.2,"(0, 1, 0)"
JAPAN,history,2014,1062.0,,,3.2,"(0, 1, 0)"
JAPAN,history,2015,1043.0,,,3.2,"(0, 1, 0)"
JAPAN,history,2016,949.0,,,3.2,"(0, 1, 0)"
JAPAN,history,2017,1039.38,,,3.2,"(0, 1, 0)"
JAPAN,history,2018,1020.09,,,3.2,"(0, 1, 0)"
JAPAN,history,2019,986.51,,,3.2,"(0, 1, 0)"
JAPAN,history,2020,1024.71,,,3.2,"(0, 1, 0)"
JAPAN,history,2021,1036.85,,,3.2,"(0, 1, 0)"
JAPAN,history,2022,972.07,,,3.2,"(0, 1, 0)"
JAPAN,history,2023,965.61,,,3.2,"(0, 1, 0)"
JAPAN,forecast,2024,965.61,795.79,1171.67,3.2,"(0, 1, 0)"
JAPAN,forecast,2025,965.61,734.52,1269.4,3.2,"(0, 1, 0)"
JAPAN,forecast,2026,965.61,690.72,1349.89,3.2,"(0, 1, 0)"
JAPAN,forecast,2027,965.61,655.83,1421.7,3.2,"(0, 1, 0)"
JAPAN,forecast,2028,965.61,626.56,1488.12,3.2,"(0, 1, 0)"
JAPAN,forecast,2029,965.61,601.22,1550.84,3.2,"(0, 1, 0)"
JAPAN,forecast,2030,965.61,578.83,1610.84,3.2,"(0, 1, 0)"
AUSTRALIA,history,1971,62.0,,,8.6,"(0, 1, 0)"
AUSTRALIA,history,1972,66.0,,,8.6,"(0, 1, 0)"
AUSTRALIA,history,1973,70.0,,,8.6,"(0, 1, 0)"
AUSTRALIA,history,1974,83.0,,,8.6,"(0, 1, 0)"
AUSTRALIA,history,1975,61.0,,,8.6,"(0, 1, 0)"
AUSTRALIA,history,1976,71.0,,,8.6,"(0, 1, 0)"
AUSTRALIA,history,1977,71.0,,,8.6,"(0, 1, 0)"
AUSTRALIA,history,1978,68.0,,,8.6,"(0, 1, 0)"
AUSTRALIA,history,1979,75.0,,,8.6,"(0, 1, 0)"
AUSTRALIA,history,1980,81.0,,,8.6,"(0, 1, 0)"
AUSTRALIA,history,1981,72.0,,,8.6,"(0, 1, 0)"
AUSTRALIA,history,1982,51.0,,,8.6,"(0, 1, 0)"
AUSTRALIA,history,1983,48.0,,,8.6,"(0, 1, 0)"
AUSTRALIA,history,1984,43.0,,,8.6,"(0, 1, 0)"
AUSTRALIA,history,1985,48.0,,,8.6,"(0, 1, 0)"
AUSTRALIA,history,1986,51.0,,,8.6,"(0, 1, 0)"
AUSTRALIA,history,1987,74.0,,,8.6,"(0, 1, 0)"
AUSTRALIA,history,1988,61.0,,,8.6,"(0, 1, 0)"
AUSTRALIA,history,1989,75.0,,,8.6,"(0, 1, 0)"
AUSTRALIA,history,1990,84.0,,,8.6,"(0, 1, 0)"
AUSTRALIA,history,1991,54.0,,,8.6,"(0, 1, 0)"
AUSTRALIA,history,1992,43.0,,,8.6,"(0, 1, 0)"
AUSTRALIA,history,1993,56.0,,,8.6,"(0, 1, 0)"
AUSTRALIA,history,1994,58.0,,,8.6,"(0, 1, 0)"
AUSTRALIA,history,1995,65.0,,,8.6,"(0, 1, 0)"
AUSTRALIA,history,1996,66.0,,,8.6,"(0, 1, 0)"
AUSTRALIA,history,1997,79.0,,,8.6,"(0, 1, 0)"
AUSTRALIA,history,1998,61.0,,,8.6,"(0, 1, 0)"
AUSTRALIA,history,1999,75.0,,,8.6,"(0, 1, 0)"
AUSTRALIA,history,2000,83.0,,,8.6,"(0, 1, 0)"
AUSTRALIA,history,2001,87.0,,,8.6,"(0, 1, 0)"
AUSTRALIA,history,2002,85.0,,,8.6,"(0, 1, 0)"
AUSTRALIA,history,2003,100.0,,,8.6,"(0, 1, 0)"
AUSTRALIA,history,2004,185.0,,,8.6,"(0, 1, 0)"
AUSTRALIA,history,2005,198.0,,,8.6,"(0, 1, 0)"
AUSTRALIA,history,2006,244.0,,,8.6,"(0, 1, 0)"
AUSTRALIA,history,2007,224.0,,,8.6,"(0, 1, 0)"
AUSTRALIA,history,2008,293.0,,,8.6,"(0, 1, 0)"
AUSTRALIA,history,2009,319.0,,,8.6,"(0, 1, 0)"
AUSTRALIA,history,2010,326.0,,,8.6,"(0, 1, 0)"
AUSTRALIA,history,2011,302.0,,,8.6,"(0, 1, 0)"
AUSTRALIA,history,2012,370.0,,,8.6,"(0, 1, 0)"
AUSTRALIA,history,2013,408.0,,,8.6,"(0, 1, 0)"
AUSTRALIA,history,2014,421.0,,,8.6,"(0, 1, 0)"
AUSTRALIA,history,2015,475.0,,,8.6,"(0, 1, 0)"
AUSTRALIA,history,2016,562.0,,,8.6,"(0, 1, 0)"
AUSTRALIA,history,2017,588.48,,,8.6,"(0, 1, 0)"
AUSTRALIA,history,2018,625.24,,,8.6,"(0, 1, 0)"
AUSTRALIA,history,2019,620.06,,,8.6,"(0, 1, 0)"
AUSTRALIA,history,2020,619.94,,,8.6,"(0, 1, 0)"
AUSTRALIA,history,2021,623.03,,,8.6,"(0, 1, 0)"
AUSTRALIA,history,2022,727.76,,,8.6,"(0, 1, 0)"
AUSTRALIA,history,2023,856.17,,,8.6,"(0, 1, 0)"
AUSTRALIA,forecast,2024,856.17,597.55,1226.72,8.6,"(0, 1, 0)"
AUSTRALIA,forecast,2025,856.17,514.85,1423.77,8.6,"(0, 1, 0)"
AUSTRALIA,forecast,2026,856.17,459.24,1596.18,8.6,"(0, 1, 0)"
AUSTRALIA,forecast,2027,856.17,417.05,1757.65,8.6,"(0, 1, 0)"
AUSTRALIA,forecast,2028,856.17,383.11,1913.38,8.6,"(0, 1, 0)"
AUSTRALIA,forecast,2029,856.17,354.8,2066.02,8.6,"(0, 1, 0)"
AUSTRALIA,forecast,2030,856.17,330.63,2217.12,8.6,"(0, 1, 0)"
FRANCE,history,1971,173.0,,,6.1,"(0, 1, 0)"
FRANCE,history,1972,187.0,,,6.1,"(0, 1, 0)"
FRANCE,history,1973,152.0,,,6.1,"(0, 1, 0)"
FRANCE,history,1974,141.0,,,6.1,"(0, 1, 0)"
FRANCE,history,1975,159.0,,,6.1,"(0, 1, 0)"
FRANCE,history,1976,173.0,,,6.1,"(0, 1, 0)"
FRANCE,history,1977,165.0,,,6.1,"(0, 1, 0)"
FRANCE,history,1978,188.0,,,6.1,"(0, 1, 0)"
FRANCE,history,1979,207.0,,,6.1,"(0, 1, 0)"
FRANCE,history,1980,258.0,,,6.1,"(0, 1, 0)"
FRANCE,history,1981,295.0,,,6.1,"(0, 1, 0)"
FRANCE,history,1982,402.0,,,6.1,"(0, 1, 0)"
FRANCE,history,1983,402.0,,,6.1,"(0, 1, 0)"
FRANCE,history,1984,419.0,,,6.1,"(0, 1, 0)"
FRANCE,history,1985,362.0,,,6.1,"(0, 1, 0)"
FRANCE,history,1986,473.0,,,6.1,"(0, 1, 0)"
FRANCE,history,1987,591.0,,,6.1,"(0, 1, 0)"
FRANCE,history,1988,484.0,,,6.1,"(0, 1, 0)"
FRANCE,history,1989,535.0,,,6.1,"(0, 1, 0)"
FRANCE,history,1990,535.0,,,6.1,"(0, 1, 0)"
FRANCE,history,1991,586.0,,,6.1,"(0, 1, 0)"
FRANCE,history,1992,546.0,,,6.1,"(0, 1, 0)"
FRANCE,history,1993,518.0,,,6.1,"(0, 1, 0)"
FRANCE,history,1994,466.0,,,6.1,"(0, 1, 0)"
FRANCE,history,1995,475.0,,,6.1,"(0, 1, 0)"
FRANCE,history,1996,497.0,,,6.1,"(0, 1, 0)"
FRANCE,history,1997,416.0,,,6.1,"(0, 1, 0)"
FRANCE,history,1998,498.0,,,6.1,"(0, 1, 0)"
FRANCE,history,1999,575.0,,,6.1,"(0, 1, 0)"
FRANCE,history,2000,564.0,,,6.1,"(0, 1, 0)"
FRANCE,history,2001,585.0,,,6.1,"(0, 1, 0)"
FRANCE,history,2002,682.0,,,6.1,"(0, 1, 0)"
FRANCE,history,2003,644.0,,,6.1,"(0, 1, 0)"
FRANCE,history,2004,680.0,,,6.1,"(0, 1, 0)"
FRANCE,history,2005,781.0,,,6.1,"(0, 1, 0)"
FRANCE,history,2006,809.0,,,6.1,"(0, 1, 0)"
FRANCE,history,2007,763.0,,,6.1,"(0, 1, 0)"
FRANCE,history,2008,753.0,,,6.1,"(0, 1, 0)"
FRANCE,history,2009,806.0,,,6.1,"(0, 1, 0)"
FRANCE,history,2010,841.0,,,6.1,"(0, 1, 0)"
FRANCE,history,2011,852.0,,,6.1,"(0, 1, 0)"
FRANCE,history,2012,925.0,,,6.1,"(0, 1, 0)"
FRANCE,history,2013,909.0,,,6.1,"(0, 1, 0)"
FRANCE,history,2014,926.0,,,6.1,"(0, 1, 0)"
FRANCE,history,2015,917.0,,,6.1,"(0, 1, 0)"
FRANCE,history,2016,880.0,,,6.1,"(0, 1, 0)"
FRANCE,history,2017,880.1,,,6.1,"(0, 1, 0)"
FRANCE,history,2018,898.29,,,6.1,"(0, 1, 0)"
FRANCE,history,2019,959.1,,,6.1,"(0, 1, 0)"
FRANCE,history,2020,919.96,,,6.1,"(0, 1, 0)"
FRANCE,history,2021,971.22,,,6.1,"(0, 1, 0)"
FRANCE,history,2022,873.08,,,6.1,"(0, 1, 0)"
FRANCE,history,2023,804.51,,,6.1,"(0, 1, 0)"
FRANCE,forecast,2024,804.51,643.59,1005.67,6.1,"(0, 1, 0)"
FRANCE,forecast,2025,804.51,586.77,1103.07,6.1,"(0, 1, 0)"
FRANCE,forecast,2026,804.51,546.59,1184.15,6.1,"(0, 1, 0)"
FRANCE,forecast,2027,804.51,514.86,1257.12,6.1,"(0, 1, 0)"
FRANCE,forecast,2028,804.51,488.44,1325.12,6.1,"(0, 1, 0)"
FRANCE,forecast,2029,804.51,465.72,1389.77,6.1,"(0, 1, 0)"
FRANCE,forecast,2030,804.51,445.76,1451.99,6.1,"(0, 1, 0)"
